holiday,weekend,mon,tue,wed,thur,fri,sat,sun,temperature,rain,humidity,dayoff,sandwich,jan,feb,mar,apr,may,jun,jul,aug,sep,oct,nov,dec,spring,summer,fall,winter,event
1,1,0,0,0,0,0,0,1,0.24651162790697673,0.0,0.4068493150684932,1,0.0,1,0,0,0,0,0,0,0,0,0,0,0,0,0,0,1,0.0
0,0,1,0,0,0,0,0,0,0.1953488372093023,0.0,0.22191780821917806,0,0.0,1,0,0,0,0,0,0,0,0,0,0,0,0,0,0,1,0.0
0,0,0,1,0,0,0,0,0,0.18372093023255812,0.0,0.41917808219178077,0,0.0,1,0,0,0,0,0,0,0,0,0,0,0,0,0,0,1,0.0
0,0,0,0,1,0,0,0,0,0.23023255813953486,0.0,0.3958904109589041,0,0.0,1,0,0,0,0,0,0,0,0,0,0,0,0,0,0,1,0.0
0,0,0,0,0,1,0,0,0,0.2395348837209302,0.0,0.5712328767123287,0,0.0,1,0,0,0,0,0,0,0,0,0,0,0,0,0,0,1,0.0
0,0,0,0,0,0,1,0,0,0.2906976744186046,0.009467989179440937,0.6575342465753425,0,0.0,1,0,0,0,0,0,0,0,0,0,0,0,0,0,0,1,0.0
1,1,0,0,0,0,0,1,0,0.3255813953488372,0.003155996393146979,0.5164383561643836,1,0.0,1,0,0,0,0,0,0,0,0,0,0,0,0,0,0,1,0.0
1,1,0,0,0,0,0,0,1,0.2930232558139535,0.0,0.5205479452054794,1,0.0,1,0,0,0,0,0,0,0,0,0,0,0,0,0,0,1,0.0
0,0,1,0,0,0,0,0,0,0.3093023255813953,0.0,0.5219178082191781,0,0.0,1,0,0,0,0,0,0,0,0,0,0,0,0,0,0,1,0.0
0,0,0,1,0,0,0,0,0,0.2930232558139535,0.0,0.4301369863013699,0,0.0,1,0,0,0,0,0,0,0,0,0,0,0,0,0,0,1,0.0
0,0,0,0,1,0,0,0,0,0.31627906976744186,0.0,0.41917808219178077,0,0.0,1,0,0,0,0,0,0,0,0,0,0,0,0,0,0,1,0.0
0,0,0,0,0,1,0,0,0,0.3837209302325581,0.0,0.38630136986301367,0,0.0,1,0,0,0,0,0,0,0,0,0,0,0,0,0,0,1,0.0
0,0,0,0,0,0,1,0,0,0.47441860465116276,0.09738503155996393,0.9589041095890412,0,0.0,1,0,0,0,0,0,0,0,0,0,0,0,0,0,0,1,0.0
1,1,0,0,0,0,0,1,0,0.43488372093023253,0.011722272317403066,0.9397260273972603,1,0.0,1,0,0,0,0,0,0,0,0,0,0,0,0,0,0,1,0.0
1,1,0,0,0,0,0,0,1,0.27441860465116275,0.002254283137962128,0.7753424657534247,1,0.0,1,0,0,0,0,0,0,0,0,0,0,0,0,0,0,1,0.0
0,0,1,0,0,0,0,0,0,0.19302325581395346,0.0,0.4671232876712329,0,0.0,1,0,0,0,0,0,0,0,0,0,0,0,0,0,0,1,0.0
0,0,0,1,0,0,0,0,0,0.20930232558139533,0.0,0.42054794520547945,0,0.0,1,0,0,0,0,0,0,0,0,0,0,0,0,0,0,1,0.0
0,0,0,0,1,0,0,0,0,0.24651162790697673,0.0,0.5095890410958904,0,0.0,1,0,0,0,0,0,0,0,0,0,0,0,0,0,0,1,0.0
0,0,0,0,0,1,0,0,0,0.27906976744186046,0.0,0.43698630136986294,0,0.0,1,0,0,0,0,0,0,0,0,0,0,0,0,0,0,1,0.0
0,0,0,0,0,0,1,0,0,0.24186046511627907,0.0009017132551848513,0.25616438356164384,0,0.0,1,0,0,0,0,0,0,0,0,0,0,0,0,0,0,1,0.0
1,1,0,0,0,0,0,1,0,0.1883720930232558,0.0,0.36438356164383556,1,0.0,1,0,0,0,0,0,0,0,0,0,0,0,0,0,0,1,0.0
1,1,0,0,0,0,0,0,1,0.2534883720930232,0.0,0.4616438356164384,1,0.0,1,0,0,0,0,0,0,0,0,0,0,0,0,0,0,1,0.0
1,0,1,0,0,0,0,0,0,0.27906976744186046,0.0,0.5082191780821917,1,0.0,1,0,0,0,0,0,0,0,0,0,0,0,0,0,0,1,0.0
1,0,0,1,0,0,0,0,0,0.011627906976744151,0.0,0.3616438356164383,1,0.0,1,0,0,0,0,0,0,0,0,0,0,0,0,0,0,1,0.0
0,0,0,0,1,0,0,0,0,0.0,0.0,0.2534246575342466,0,0.0,1,0,0,0,0,0,0,0,0,0,0,0,0,0,0,1,0.0
0,0,0,0,0,1,0,0,0,0.13023255813953488,0.003155996393146979,0.6260273972602739,0,0.0,1,0,0,0,0,0,0,0,0,0,0,0,0,0,0,1,0.0
0,0,0,0,0,0,1,0,0,0.1255813953488372,0.0,0.42054794520547945,0,0.0,1,0,0,0,0,0,0,0,0,0,0,0,0,0,0,1,0.0
1,1,0,0,0,0,0,1,0,0.13023255813953488,0.0,0.4931506849315068,1,0.0,1,0,0,0,0,0,0,0,0,0,0,0,0,0,0,1,0.0
1,1,0,0,0,0,0,0,1,0.2395348837209302,0.0,0.5342465753424658,1,0.0,1,0,0,0,0,0,0,0,0,0,0,0,0,0,0,1,0.0
0,0,1,0,0,0,0,0,0,0.2558139534883721,0.0,0.2520547945205479,0,0.0,1,0,0,0,0,0,0,0,0,0,0,0,0,0,0,1,0.0
0,0,0,1,0,0,0,0,0,0.3186046511627907,0.0,0.4164383561643835,0,0.0,1,0,0,0,0,0,0,0,0,0,0,0,0,0,0,1,0.0
0,0,0,0,1,0,0,0,0,0.3372093023255814,0.0,0.40410958904109584,0,0.0,0,1,0,0,0,0,0,0,0,0,0,0,0,0,0,1,0.0
0,0,0,0,0,1,0,0,0,0.23023255813953486,0.0,0.2520547945205479,0,0.0,0,1,0,0,0,0,0,0,0,0,0,0,0,0,0,1,0.0
0,0,0,0,0,0,1,0,0,0.24651162790697673,0.0,0.23287671232876717,0,0.0,0,1,0,0,0,0,0,0,0,0,0,0,0,0,0,1,0.0
1,1,0,0,0,0,0,1,0,0.2511627906976744,0.0,0.40273972602739727,1,0.0,0,1,0,0,0,0,0,0,0,0,0,0,0,0,0,1,0.0
1,1,0,0,0,0,0,0,1,0.2813953488372093,0.0,0.4547945205479452,1,0.0,0,1,0,0,0,0,0,0,0,0,0,0,0,0,0,1,0.0
0,0,1,0,0,0,0,0,0,0.313953488372093,0.0,0.3890410958904109,0,0.0,0,1,0,0,0,0,0,0,0,0,0,0,0,0,0,1,0.0
0,0,0,1,0,0,0,0,0,0.33255813953488367,0.0,0.3849315068493151,0,0.0,0,1,0,0,0,0,0,0,0,0,0,0,0,0,0,1,0.0
0,0,0,0,1,0,0,0,0,0.3069767441860465,0.0,0.3972602739726028,0,0.0,0,1,0,0,0,0,0,0,0,0,0,0,0,0,0,1,0.0
0,0,0,0,0,1,0,0,0,0.34651162790697676,0.004959422903516682,0.410958904109589,0,0.0,0,1,0,0,0,0,0,0,0,0,0,0,0,0,0,1,0.0
0,0,0,0,0,0,1,0,0,0.33255813953488367,0.013525698827772768,0.8041095890410959,0,0.0,0,1,0,0,0,0,0,0,0,0,0,0,0,0,0,1,0.0
1,1,0,0,0,0,0,1,0,0.28604651162790695,0.0,0.810958904109589,1,0.0,0,1,0,0,0,0,0,0,0,0,0,0,0,0,0,1,0.0
1,1,0,0,0,0,0,0,1,0.3093023255813953,0.0,0.7520547945205478,1,0.0,0,1,0,0,0,0,0,0,0,0,0,0,0,0,0,1,0.0
0,0,1,0,0,0,0,0,0,0.4116279069767442,0.0,0.5191780821917807,0,0.0,0,1,0,0,0,0,0,0,0,0,0,0,0,0,0,1,0.0
0,0,0,1,0,0,0,0,0,0.3209302325581395,0.0,0.3917808219178083,0,0.0,0,1,0,0,0,0,0,0,0,0,0,0,0,0,0,1,0.0
0,0,0,0,1,0,0,0,0,0.3441860465116279,0.0,0.4273972602739726,0,0.0,0,1,0,0,0,0,0,0,0,0,0,0,0,0,0,1,0.0
0,0,0,0,0,1,0,0,0,0.327906976744186,0.0,0.536986301369863,0,0.0,0,1,0,0,0,0,0,0,0,0,0,0,0,0,0,1,0.0
0,0,0,0,0,0,1,0,0,0.36279069767441857,0.0,0.36438356164383556,0,0.0,0,1,0,0,0,0,0,0,0,0,0,0,0,0,0,1,0.0
1,1,0,0,0,0,0,1,0,0.413953488372093,0.003606853020739405,0.4273972602739726,1,0.0,0,1,0,0,0,0,0,0,0,0,0,0,0,0,0,1,0.0
1,1,0,0,0,0,0,0,1,0.34883720930232553,0.002254283137962128,0.4821917808219178,1,0.0,0,1,0,0,0,0,0,0,0,0,0,0,0,0,0,1,0.0
0,0,1,0,0,0,0,0,0,0.2627906976744186,0.0,0.26027397260273977,0,0.0,0,1,0,0,0,0,0,0,0,0,0,0,0,0,0,1,0.0
0,0,0,1,0,0,0,0,0,0.2395348837209302,0.0,0.1534246575342466,0,0.0,0,1,0,0,0,0,0,0,0,0,0,0,0,0,0,1,0.0
0,0,0,0,1,0,0,0,0,0.313953488372093,0.0,0.3356164383561644,0,0.0,0,1,0,0,0,0,0,0,0,0,0,0,0,0,0,1,0.0
0,0,0,0,0,1,0,0,0,0.3441860465116279,0.0,0.3287671232876712,0,0.0,0,1,0,0,0,0,0,0,0,0,0,0,0,0,0,1,0.0
0,0,0,0,0,0,1,0,0,0.33255813953488367,0.0,0.3410958904109589,0,0.0,0,1,0,0,0,0,0,0,0,0,0,0,0,0,0,1,0.0
1,1,0,0,0,0,0,1,0,0.2813953488372093,0.0,0.23424657534246573,1,0.0,0,1,0,0,0,0,0,0,0,0,0,0,0,0,0,1,0.0
1,1,0,0,0,0,0,0,1,0.3093023255813953,0.0,0.17260273972602747,1,0.0,0,1,0,0,0,0,0,0,0,0,0,0,0,0,0,1,0.0
0,0,1,0,0,0,0,0,0,0.3674418604651163,0.0,0.1931506849315069,0,0.0,0,1,0,0,0,0,0,0,0,0,0,0,0,0,0,1,0.0
0,0,0,1,0,0,0,0,0,0.39999999999999997,0.0,0.40958904109589034,0,0.0,0,1,0,0,0,0,0,0,0,0,0,0,0,0,0,1,0.0
1,0,0,0,1,0,0,0,0,0.41860465116279066,0.0,0.3849315068493151,1,0.0,0,0,1,0,0,0,0,0,0,0,0,0,1,0,0,0,0.0
0,0,0,0,0,1,0,0,0,0.3186046511627907,0.0,0.02054794520547948,0,0.0,0,0,1,0,0,0,0,0,0,0,0,0,1,0,0,0,0.0
0,0,0,0,0,0,1,0,0,0.36279069767441857,0.0,0.29452054794520544,0,0.0,0,0,1,0,0,0,0,0,0,0,0,0,1,0,0,0,0.0
1,1,0,0,0,0,0,1,0,0.413953488372093,0.0,0.3958904109589041,1,0.0,0,0,1,0,0,0,0,0,0,0,0,0,1,0,0,0,0.0
1,1,0,0,0,0,0,0,1,0.44883720930232557,0.0,0.22739726027397267,1,0.0,0,0,1,0,0,0,0,0,0,0,0,0,1,0,0,0,0.0
0,0,1,0,0,0,0,0,0,0.45813953488372094,0.0,0.19452054794520546,0,0.0,0,0,1,0,0,0,0,0,0,0,0,0,1,0,0,0,0.0
0,0,0,1,0,0,0,0,0,0.541860465116279,0.0,0.23561643835616441,0,0.0,0,0,1,0,0,0,0,0,0,0,0,0,1,0,0,0,0.0
0,0,0,0,1,0,0,0,0,0.6023255813953488,0.0,0.14383561643835618,0,0.0,0,0,1,0,0,0,0,0,0,0,0,0,1,0,0,0,0.0
0,0,0,0,0,1,0,0,0,0.5883720930232559,0.0,0.4506849315068493,0,0.0,0,0,1,0,0,0,0,0,0,0,0,0,1,0,0,0,0.0
0,0,0,0,0,0,1,0,0,0.5976744186046512,0.0,0.3287671232876712,0,0.0,0,0,1,0,0,0,0,0,0,0,0,0,1,0,0,0,0.0
1,1,0,0,0,0,0,1,0,0.6465116279069767,0.0,0.11780821917808221,1,0.0,0,0,1,0,0,0,0,0,0,0,0,0,1,0,0,0,0.0
1,1,0,0,0,0,0,0,1,0.4232558139534883,0.05590622182146077,0.5164383561643836,1,0.0,0,0,1,0,0,0,0,0,0,0,0,0,1,0,0,0,0.0
0,0,1,0,0,0,0,0,0,0.34651162790697676,0.0,0.09863013698630141,0,0.0,0,0,1,0,0,0,0,0,0,0,0,0,1,0,0,0,0.0
0,0,0,1,0,0,0,0,0,0.48372093023255813,0.0,0.1917808219178082,0,0.0,0,0,1,0,0,0,0,0,0,0,0,0,1,0,0,0,0.0
0,0,0,0,1,0,0,0,0,0.5325581395348837,0.0,0.4383561643835616,0,0.0,0,0,1,0,0,0,0,0,0,0,0,0,1,0,0,0,0.0
0,0,0,0,0,1,0,0,0,0.40697674418604646,0.0,0.0,0,0.0,0,0,1,0,0,0,0,0,0,0,0,0,1,0,0,0,0.0
0,0,0,0,0,0,1,0,0,0.43488372093023253,0.0,0.1506849315068493,0,0.0,0,0,1,0,0,0,0,0,0,0,0,0,1,0,0,0,0.0
1,1,0,0,0,0,0,1,0,0.4813953488372093,0.0,0.1041095890410959,1,0.0,0,0,1,0,0,0,0,0,0,0,0,0,1,0,0,0,0.0
1,1,0,0,0,0,0,0,1,0.46744186046511627,0.0,0.23287671232876717,1,0.0,0,0,1,0,0,0,0,0,0,0,0,0,1,0,0,0,0.0
0,0,1,0,0,0,0,0,0,0.5116279069767442,0.0,0.18356164383561646,0,0.0,0,0,1,0,0,0,0,0,0,0,0,0,1,0,0,0,0.0
0,0,0,1,0,0,0,0,0,0.5906976744186047,0.0,0.11095890410958908,0,0.0,0,0,1,0,0,0,0,0,0,0,0,0,1,0,0,0,0.0
0,0,0,0,1,0,0,0,0,0.6604651162790698,0.0,0.2808219178082192,0,0.0,0,0,1,0,0,0,0,0,0,0,0,0,1,0,0,0,0.0
0,0,0,0,0,1,0,0,0,0.613953488372093,0.05139765554553652,0.7205479452054795,0,0.0,0,0,1,0,0,0,0,0,0,0,0,0,1,0,0,0,0.0
0,0,0,0,0,0,1,0,0,0.5534883720930233,0.0,0.41917808219178077,0,0.0,0,0,1,0,0,0,0,0,0,0,0,0,1,0,0,0,0.0
1,1,0,0,0,0,0,1,0,0.5162790697674419,0.0,0.563013698630137,1,0.0,0,0,1,0,0,0,0,0,0,0,0,0,1,0,0,0,0.0
1,1,0,0,0,0,0,0,1,0.4906976744186046,0.0,0.1589041095890411,1,0.0,0,0,1,0,0,0,0,0,0,0,0,0,1,0,0,0,0.0
0,0,1,0,0,0,0,0,0,0.4372093023255814,0.0,0.15205479452054793,0,0.0,0,0,1,0,0,0,0,0,0,0,0,0,1,0,0,0,0.0
0,0,0,1,0,0,0,0,0,0.46744186046511627,0.0,0.31095890410958904,0,0.0,0,0,1,0,0,0,0,0,0,0,0,0,1,0,0,0,0.0
0,0,0,0,1,0,0,0,0,0.5395348837209302,0.0,0.26164383561643834,0,0.0,0,0,1,0,0,0,0,0,0,0,0,0,1,0,0,0,0.0
0,0,0,0,0,1,0,0,0,0.5953488372093023,0.0,0.08082191780821918,0,0.0,0,0,1,0,0,0,0,0,0,0,0,0,1,0,0,0,0.0
0,0,0,0,0,0,1,0,0,0.6069767441860465,0.0,0.0904109589041096,0,0.0,0,0,1,0,0,0,0,0,0,0,0,0,1,0,0,0,0.0
1,1,0,0,0,0,0,1,0,0.655813953488372,0.0,0.08904109589041098,1,0.0,0,0,0,1,0,0,0,0,0,0,0,0,1,0,0,0,0.0
1,1,0,0,0,0,0,0,1,0.6581395348837209,0.0,0.032876712328767155,1,0.0,0,0,0,1,0,0,0,0,0,0,0,0,1,0,0,0,0.0
0,0,1,0,0,0,0,0,0,0.655813953488372,0.0,0.019178082191780854,0,0.0,0,0,0,1,0,0,0,0,0,0,0,0,1,0,0,0,0.0
0,0,0,1,0,0,0,0,0,0.6186046511627907,0.034265103697024346,0.363013698630137,0,0.0,0,0,0,1,0,0,0,0,0,0,0,0,1,0,0,0,0.0
0,0,0,0,1,0,0,0,0,0.5465116279069767,0.08340847610459874,0.9123287671232876,0,0.0,0,0,0,1,0,0,0,0,0,0,0,0,1,0,0,0,0.0
0,0,0,0,0,1,0,0,0,0.46744186046511627,0.018935978358881875,0.8780821917808219,0,0.0,0,0,0,1,0,0,0,0,0,0,0,0,1,0,0,0,0.0
0,0,0,0,0,0,1,0,0,0.47441860465116276,0.0013525698827772767,0.4876712328767123,0,0.0,0,0,0,1,0,0,0,0,0,0,0,0,1,0,0,0,0.0
1,1,0,0,0,0,0,1,0,0.4651162790697674,0.0,0.273972602739726,1,0.0,0,0,0,1,0,0,0,0,0,0,0,0,1,0,0,0,0.0
1,1,0,0,0,0,0,0,1,0.5,0.0,0.30958904109589036,1,0.0,0,0,0,1,0,0,0,0,0,0,0,0,1,0,0,0,0.0
0,0,1,0,0,0,0,0,0,0.5581395348837209,0.0,0.28356164383561644,0,0.0,0,0,0,1,0,0,0,0,0,0,0,0,1,0,0,0,0.0
0,0,0,1,0,0,0,0,0,0.6069767441860465,0.0,0.563013698630137,0,0.0,0,0,0,1,0,0,0,0,0,0,0,0,1,0,0,0,0.0
0,0,0,0,1,0,0,0,0,0.5186046511627906,0.0,0.07808219178082193,0,0.0,0,0,0,1,0,0,0,0,0,0,0,0,1,0,0,0,0.0
0,0,0,0,0,1,0,0,0,0.5790697674418605,0.0,0.060273972602739756,0,0.0,0,0,0,1,0,0,0,0,0,0,0,0,1,0,0,0,0.0
0,0,0,0,0,0,1,0,0,0.6162790697674418,0.0,0.1561643835616438,0,0.0,0,0,0,1,0,0,0,0,0,0,0,0,1,0,0,0,0.0
1,1,0,0,0,0,0,1,0,0.5558139534883721,0.05951307484220018,0.6863013698630136,1,0.0,0,0,0,1,0,0,0,0,0,0,0,0,1,0,0,0,0.0
1,1,0,0,0,0,0,0,1,0.5186046511627906,0.0,0.5493150684931507,1,0.0,0,0,0,1,0,0,0,0,0,0,0,0,1,0,0,0,0.0
0,0,1,0,0,0,0,0,0,0.5813953488372092,0.0,0.3684931506849315,0,0.0,0,0,0,1,0,0,0,0,0,0,0,0,1,0,0,0,0.0
0,0,0,1,0,0,0,0,0,0.586046511627907,0.005861136158701533,0.7383561643835617,0,0.0,0,0,0,1,0,0,0,0,0,0,0,0,1,0,0,0,0.0
0,0,0,0,1,0,0,0,0,0.7348837209302326,0.0,0.5561643835616439,0,0.0,0,0,0,1,0,0,0,0,0,0,0,0,1,0,0,0,0.0
0,0,0,0,0,1,0,0,0,0.7279069767441859,0.0,0.6178082191780822,0,0.0,0,0,0,1,0,0,0,0,0,0,0,0,1,0,0,0,0.0
0,0,0,0,0,0,1,0,0,0.672093023255814,0.0,0.5013698630136987,0,0.0,0,0,0,1,0,0,0,0,0,0,0,0,1,0,0,0,0.0
1,1,0,0,0,0,0,1,0,0.641860465116279,0.0,0.0821917808219178,1,0.0,0,0,0,1,0,0,0,0,0,0,0,0,1,0,0,0,0.0
1,1,0,0,0,0,0,0,1,0.6348837209302325,0.0,0.1643835616438356,1,0.0,0,0,0,1,0,0,0,0,0,0,0,0,1,0,0,0,0.0
0,0,1,0,0,0,0,0,0,0.613953488372093,0.0,0.23972602739726023,0,0.0,0,0,0,1,0,0,0,0,0,0,0,0,1,0,0,0,0.0
0,0,0,1,0,0,0,0,0,0.4813953488372093,0.008115419296663661,0.6876712328767123,0,0.0,0,0,0,1,0,0,0,0,0,0,0,0,1,0,0,0,0.0
0,0,0,0,1,0,0,0,0,0.48604651162790696,0.0,0.5808219178082191,0,0.0,0,0,0,1,0,0,0,0,0,0,0,0,1,0,0,0,0.0
0,0,0,0,0,1,0,0,0,0.5604651162790697,0.0,0.37123287671232874,0,0.0,0,0,0,1,0,0,0,0,0,0,0,0,1,0,0,0,0.0
0,0,0,0,0,0,1,0,0,0.641860465116279,0.0,0.4,0,0.0,0,0,0,1,0,0,0,0,0,0,0,0,1,0,0,0,0.0
1,1,0,0,0,0,0,1,0,0.5906976744186047,0.034265103697024346,0.7753424657534247,1,0.0,0,0,0,1,0,0,0,0,0,0,0,0,1,0,0,0,0.0
1,1,0,0,0,0,0,0,1,0.5790697674418605,0.0,0.452054794520548,1,0.0,0,0,0,1,0,0,0,0,0,0,0,0,1,0,0,0,0.0
1,0,1,0,0,0,0,0,0,0.6069767441860465,0.0,0.3452054794520548,1,0.0,0,0,0,0,1,0,0,0,0,0,0,0,1,0,0,0,0.0
0,0,0,1,0,0,0,0,0,0.6604651162790698,0.0,0.2424657534246576,0,0.0,0,0,0,0,1,0,0,0,0,0,0,0,1,0,0,0,0.0
0,0,0,0,1,0,0,0,0,0.7093023255813953,0.0,0.3013698630136986,0,0.0,0,0,0,0,1,0,0,0,0,0,0,0,1,0,0,0,0.0
0,0,0,0,0,1,0,0,0,0.7325581395348837,0.008115419296663661,0.5287671232876712,0,0.0,0,0,0,0,1,0,0,0,0,0,0,0,1,0,0,0,0.0
1,0,0,0,0,0,1,0,0,0.7069767441860465,0.3755635707844905,0.9342465753424656,1,0.0,0,0,0,0,1,0,0,0,0,0,0,0,1,0,0,0,0.0
1,1,0,0,0,0,0,1,0,0.6162790697674418,0.1740306582506763,0.8890410958904109,1,0.0,0,0,0,0,1,0,0,0,0,0,0,0,1,0,0,0,0.0
1,1,0,0,0,0,0,0,1,0.5441860465116279,0.0009017132551848513,0.5767123287671233,1,0.0,0,0,0,0,1,0,0,0,0,0,0,0,1,0,0,0,0.0
0,0,1,0,0,0,0,0,0,0.5837209302325581,0.0,0.4780821917808219,0,0.0,0,0,0,0,1,0,0,0,0,0,0,0,1,0,0,0,0.0
0,0,0,1,0,0,0,0,0,0.6488372093023256,0.0,0.4164383561643835,0,0.0,0,0,0,0,1,0,0,0,0,0,0,0,1,0,0,0,0.0
0,0,0,0,1,0,0,0,0,0.6674418604651162,0.0,0.37671232876712324,0,0.0,0,0,0,0,1,0,0,0,0,0,0,0,1,0,0,0,0.0
0,0,0,0,0,1,0,0,0,0.7046511627906976,0.0,0.28219178082191787,0,0.0,0,0,0,0,1,0,0,0,0,0,0,0,1,0,0,0,0.0
0,0,0,0,0,0,1,0,0,0.6953488372093023,0.0,0.3013698630136986,0,0.0,0,0,0,0,1,0,0,0,0,0,0,0,1,0,0,0,0.0
1,1,0,0,0,0,0,1,0,0.6883720930232557,0.0,0.40958904109589034,1,0.0,0,0,0,0,1,0,0,0,0,0,0,0,1,0,0,0,0.0
1,1,0,0,0,0,0,0,1,0.6790697674418604,0.0,0.3684931506849315,1,0.0,0,0,0,0,1,0,0,0,0,0,0,0,1,0,0,0,0.0
0,0,1,0,0,0,0,0,0,0.741860465116279,0.0,0.363013698630137,0,0.0,0,0,0,0,1,0,0,0,0,0,0,0,1,0,0,0,0.0
0,0,0,1,0,0,0,0,0,0.8116279069767441,0.0,0.23972602739726023,0,0.0,0,0,0,0,1,0,0,0,0,0,0,0,1,0,0,0,0.0
0,0,0,0,1,0,0,0,0,0.813953488372093,0.0,0.2794520547945205,0,0.0,0,0,0,0,1,0,0,0,0,0,0,0,1,0,0,0,0.0
0,0,0,0,0,1,0,0,0,0.7116279069767442,0.0,0.5972602739726027,0,0.0,0,0,0,0,1,0,0,0,0,0,0,0,1,0,0,0,0.0
0,0,0,0,0,0,1,0,0,0.7488372093023256,0.0,0.5136986301369862,0,0.0,0,0,0,0,1,0,0,0,0,0,0,0,1,0,0,0,0.0
1,1,0,0,0,0,0,1,0,0.7441860465116279,0.0,0.5780821917808219,1,0.0,0,0,0,0,1,0,0,0,0,0,0,0,1,0,0,0,0.0
1,1,0,0,0,0,0,0,1,0.6906976744186046,0.0,0.6123287671232875,1,0.0,0,0,0,0,1,0,0,0,0,0,0,0,1,0,0,0,0.0
0,0,1,0,0,0,0,0,0,0.672093023255814,0.02569882777276826,0.5945205479452055,0,0.0,0,0,0,0,1,0,0,0,0,0,0,0,1,0,0,0,0.0
0,0,0,1,0,0,0,0,0,0.6953488372093023,0.0,0.5219178082191781,0,0.0,0,0,0,0,1,0,0,0,0,0,0,0,1,0,0,0,0.0
0,0,0,0,1,0,0,0,0,0.7279069767441859,0.0,0.4164383561643835,0,0.0,0,0,0,0,1,0,0,0,0,0,0,0,1,0,0,0,0.0
0,0,0,0,0,1,0,0,0,0.7604651162790698,0.0,0.28219178082191787,0,0.0,0,0,0,0,1,0,0,0,0,0,0,0,1,0,0,0,0.0
0,0,0,0,0,0,1,0,0,0.772093023255814,0.0,0.3904109589041096,0,0.0,0,0,0,0,1,0,0,0,0,0,0,0,1,0,0,0,0.0
1,1,0,0,0,0,0,1,0,0.7488372093023256,0.0027051397655545534,0.747945205479452,1,0.0,0,0,0,0,1,0,0,0,0,0,0,0,1,0,0,0,0.0
1,1,0,0,0,0,0,0,1,0.7348837209302326,0.1564472497745717,0.9232876712328766,1,0.0,0,0,0,0,1,0,0,0,0,0,0,0,1,0,0,0,0.0
0,0,1,0,0,0,0,0,0,0.7395348837209301,0.12623985572587917,0.8890410958904109,0,0.0,0,0,0,0,1,0,0,0,0,0,0,0,1,0,0,0,0.0
0,0,0,1,0,0,0,0,0,0.7674418604651163,0.0,0.6657534246575343,0,0.0,0,0,0,0,1,0,0,0,0,0,0,0,1,0,0,0,0.0
0,0,0,0,1,0,0,0,0,0.7837209302325582,0.0,0.4,0,0.0,0,0,0,0,1,0,0,0,0,0,0,0,1,0,0,0,0.0
0,0,0,0,0,1,0,0,0,0.786046511627907,0.0,0.5410958904109588,0,0.0,0,0,0,0,0,1,0,0,0,0,0,0,0,1,0,0,0.0
0,0,0,0,0,0,1,0,0,0.7744186046511627,0.0,0.5945205479452055,0,0.0,0,0,0,0,0,1,0,0,0,0,0,0,0,1,0,0,0.0
1,1,0,0,0,0,0,1,0,0.7744186046511627,0.0,0.3726027397260274,1,0.0,0,0,0,0,0,1,0,0,0,0,0,0,0,1,0,0,0.0
1,1,0,0,0,0,0,0,1,0.7906976744186046,0.0,0.352054794520548,1,0.0,0,0,0,0,0,1,0,0,0,0,0,0,0,1,0,0,0.0
0,0,1,0,0,0,0,0,0,0.7651162790697674,0.0,0.4780821917808219,0,0.0,0,0,0,0,0,1,0,0,0,0,0,0,0,1,0,0,0.0
1,0,0,1,0,0,0,0,0,0.7627906976744185,0.0,0.5164383561643836,1,0.0,0,0,0,0,0,1,0,0,0,0,0,0,0,1,0,0,0.0
0,0,0,0,1,0,0,0,0,0.7697674418604651,0.0,0.5972602739726027,0,0.0,0,0,0,0,0,1,0,0,0,0,0,0,0,1,0,0,0.0
0,0,0,0,0,1,0,0,0,0.7837209302325582,0.0013525698827772767,0.6191780821917807,0,0.0,0,0,0,0,0,1,0,0,0,0,0,0,0,1,0,0,0.0
0,0,0,0,0,0,1,0,0,0.8046511627906976,0.0013525698827772767,0.4438356164383561,0,0.0,0,0,0,0,0,1,0,0,0,0,0,0,0,1,0,0,0.0
1,1,0,0,0,0,0,1,0,0.8069767441860465,0.005861136158701533,0.5301369863013699,1,0.0,0,0,0,0,0,1,0,0,0,0,0,0,0,1,0,0,0.0
1,1,0,0,0,0,0,0,1,0.8116279069767441,0.0,0.5904109589041096,1,0.0,0,0,0,0,0,1,0,0,0,0,0,0,0,1,0,0,0.0
0,0,1,0,0,0,0,0,0,0.8069767441860465,0.0,0.5561643835616439,0,0.0,0,0,0,0,0,1,0,0,0,0,0,0,0,1,0,0,0.0
0,0,0,1,0,0,0,0,0,0.7953488372093023,0.0,0.5424657534246575,0,0.0,0,0,0,0,0,1,0,0,0,0,0,0,0,1,0,0,0.0
0,0,0,0,1,0,0,0,0,0.7906976744186046,0.0,0.4986301369863013,0,0.0,0,0,0,0,0,1,0,0,0,0,0,0,0,1,0,0,0.0
0,0,0,0,0,1,0,0,0,0.7837209302325582,0.0,0.5410958904109588,0,0.0,0,0,0,0,0,1,0,0,0,0,0,0,0,1,0,0,0.0
0,0,0,0,0,0,1,0,0,0.8325581395348837,0.0,0.4506849315068493,0,0.0,0,0,0,0,0,1,0,0,0,0,0,0,0,1,0,0,0.0
1,1,0,0,0,0,0,1,0,0.8465116279069768,0.0,0.40958904109589034,1,0.0,0,0,0,0,0,1,0,0,0,0,0,0,0,1,0,0,0.0
1,1,0,0,0,0,0,0,1,0.872093023255814,0.0,0.3561643835616438,1,0.0,0,0,0,0,0,1,0,0,0,0,0,0,0,1,0,0,0.0
0,0,1,0,0,0,0,0,0,0.8930232558139535,0.0,0.3726027397260274,0,0.0,0,0,0,0,0,1,0,0,0,0,0,0,0,1,0,0,0.0
0,0,0,1,0,0,0,0,0,0.8162790697674418,0.013074842200180343,0.5013698630136987,0,0.0,0,0,0,0,0,1,0,0,0,0,0,0,0,1,0,0,0.0
0,0,0,0,1,0,0,0,0,0.7604651162790698,0.00721370604147881,0.8589041095890411,0,0.0,0,0,0,0,0,1,0,0,0,0,0,0,0,1,0,0,0.0
0,0,0,0,0,1,0,0,0,0.7976744186046512,0.0,0.6150684931506849,0,0.0,0,0,0,0,0,1,0,0,0,0,0,0,0,1,0,0,0.0
0,0,0,0,0,0,1,0,0,0.8627906976744185,0.0,0.5054794520547945,0,0.0,0,0,0,0,0,1,0,0,0,0,0,0,0,1,0,0,0.0
1,1,0,0,0,0,0,1,0,0.8953488372093024,0.0,0.48630136986301364,1,0.0,0,0,0,0,0,1,0,0,0,0,0,0,0,1,0,0,0.0
1,1,0,0,0,0,0,0,1,0.8860465116279069,0.0,0.4602739726027397,1,0.0,0,0,0,0,0,1,0,0,0,0,0,0,0,1,0,0,0.0
0,0,1,0,0,0,0,0,0,0.8186046511627907,0.24571686203787196,0.8958904109589041,0,0.0,0,0,0,0,0,1,0,0,0,0,0,0,0,1,0,0,0.0
0,0,0,1,0,0,0,0,0,0.872093023255814,0.11406672678088368,0.6356164383561643,0,0.0,0,0,0,0,0,1,0,0,0,0,0,0,0,1,0,0,0.0
0,0,0,0,1,0,0,0,0,0.8255813953488372,0.02569882777276826,0.7452054794520548,0,0.0,0,0,0,0,0,1,0,0,0,0,0,0,0,1,0,0,0.0
0,0,0,0,0,1,0,0,0,0.8372093023255814,0.22903516681695218,0.8726027397260272,0,0.0,0,0,0,0,0,1,0,0,0,0,0,0,0,1,0,0,0.0
0,0,0,0,0,0,1,0,0,0.827906976744186,0.021641118124436427,0.9054794520547944,0,0.0,0,0,0,0,0,1,0,0,0,0,0,0,0,1,0,0,0.0
1,1,0,0,0,0,0,1,0,0.9,0.0,0.7013698630136986,1,0.0,0,0,0,0,0,0,1,0,0,0,0,0,0,1,0,0,0.0
1,1,0,0,0,0,0,0,1,0.9046511627906977,0.0,0.6726027397260275,1,0.0,0,0,0,0,0,0,1,0,0,0,0,0,0,1,0,0,0.0
0,0,1,0,0,0,0,0,0,0.9255813953488371,0.0,0.6383561643835616,0,0.0,0,0,0,0,0,0,1,0,0,0,0,0,0,1,0,0,0.0
0,0,0,1,0,0,0,0,0,0.8395348837209302,0.36158701532912535,0.8616438356164382,0,0.0,0,0,0,0,0,0,1,0,0,0,0,0,0,1,0,0,0.0
0,0,0,0,1,0,0,0,0,0.8302325581395349,0.12488728584310188,0.7315068493150685,0,0.0,0,0,0,0,0,0,1,0,0,0,0,0,0,1,0,0,0.0
0,0,0,0,0,1,0,0,0,0.8790697674418604,0.0,0.4849315068493151,0,0.0,0,0,0,0,0,0,1,0,0,0,0,0,0,1,0,0,0.0
0,0,0,0,0,0,1,0,0,0.7674418604651163,0.3097385031559964,0.8657534246575342,0,0.0,0,0,0,0,0,0,1,0,0,0,0,0,0,1,0,0,0.0
1,1,0,0,0,0,0,1,0,0.8209302325581395,0.011722272317403066,0.8383561643835615,1,0.0,0,0,0,0,0,0,1,0,0,0,0,0,0,1,0,0,0.0
1,1,0,0,0,0,0,0,1,0.8790697674418604,0.00045085662759242564,0.7835616438356163,1,0.0,0,0,0,0,0,0,1,0,0,0,0,0,0,1,0,0,0.0
0,0,1,0,0,0,0,0,0,0.8813953488372093,0.16321009918845808,0.6904109589041096,0,0.0,0,0,0,0,0,0,1,0,0,0,0,0,0,1,0,0,0.0
0,0,0,1,0,0,0,0,0,0.813953488372093,0.17853922452660054,0.8849315068493151,0,0.0,0,0,0,0,0,0,1,0,0,0,0,0,0,1,0,0,0.0
0,0,0,0,1,0,0,0,0,0.8860465116279069,0.0351668169522092,0.7808219178082192,0,0.0,0,0,0,0,0,0,1,0,0,0,0,0,0,1,0,0,0.0
0,0,0,0,0,1,0,0,0,0.8511627906976744,0.04283137962128043,0.8986301369863015,0,0.0,0,0,0,0,0,0,1,0,0,0,0,0,0,1,0,0,0.0
0,0,0,0,0,0,1,0,0,0.827906976744186,1.0,0.9602739726027396,0,0.0,0,0,0,0,0,0,1,0,0,0,0,0,0,1,0,0,0.0
1,1,0,0,0,0,0,1,0,0.8046511627906976,0.4761045987376014,0.9397260273972603,1,0.0,0,0,0,0,0,0,1,0,0,0,0,0,0,1,0,0,0.0
1,1,0,0,0,0,0,0,1,0.8302325581395349,0.006762849413886384,0.8780821917808219,1,0.0,0,0,0,0,0,0,1,0,0,0,0,0,0,1,0,0,0.0
0,0,1,0,0,0,0,0,0,0.8558139534883721,0.1393146979260595,0.8575342465753424,0,0.0,0,0,0,0,0,0,1,0,0,0,0,0,0,1,0,0,0.0
0,0,0,1,0,0,0,0,0,0.7999999999999999,0.3291253381424707,0.9589041095890412,0,0.0,0,0,0,0,0,0,1,0,0,0,0,0,0,1,0,0,0.0
0,0,0,0,1,0,0,0,0,0.8697674418604651,0.0,0.7342465753424656,0,0.0,0,0,0,0,0,0,1,0,0,0,0,0,0,1,0,0,0.0
0,0,0,0,0,1,0,0,0,0.8883720930232558,0.0,0.7041095890410958,0,0.0,0,0,0,0,0,0,1,0,0,0,0,0,0,1,0,0,0.0
0,0,0,0,0,0,1,0,0,0.9069767441860466,0.0,0.6931506849315068,0,0.0,0,0,0,0,0,0,1,0,0,0,0,0,0,1,0,0,0.0
1,1,0,0,0,0,0,1,0,0.8534883720930232,0.004508566275924256,0.7397260273972603,1,0.0,0,0,0,0,0,0,1,0,0,0,0,0,0,1,0,0,0.0
1,1,0,0,0,0,0,0,1,0.8418604651162791,0.09107303877366997,0.8904109589041096,1,0.0,0,0,0,0,0,0,1,0,0,0,0,0,0,1,0,0,0.0
0,0,1,0,0,0,0,0,0,0.872093023255814,0.022993688007213704,0.7931506849315069,0,0.0,0,0,0,0,0,0,1,0,0,0,0,0,0,1,0,0,0.0
0,0,0,1,0,0,0,0,0,0.8488372093023255,0.04102795311091073,0.8712328767123287,0,0.0,0,0,0,0,0,0,1,0,0,0,0,0,0,1,0,0,0.0
0,0,0,0,1,0,0,0,0,0.8674418604651162,0.016681695220919748,0.8136986301369862,0,0.0,0,0,0,0,0,0,1,0,0,0,0,0,0,1,0,0,0.0
0,0,0,0,0,1,0,0,0,0.9046511627906977,0.0013525698827772767,0.7178082191780821,0,0.0,0,0,0,0,0,0,1,0,0,0,0,0,0,1,0,0,0.0
0,0,0,0,0,0,1,0,0,0.9255813953488371,0.00045085662759242564,0.7082191780821916,0,0.0,0,0,0,0,0,0,1,0,0,0,0,0,0,1,0,0,0.0
1,1,0,0,0,0,0,1,0,0.9511627906976744,0.0,0.6287671232876711,1,0.0,0,0,0,0,0,0,1,0,0,0,0,0,0,1,0,0,0.0
1,1,0,0,0,0,0,0,1,0.9023255813953488,0.1424706943192065,0.7657534246575342,1,0.0,0,0,0,0,0,0,1,0,0,0,0,0,0,1,0,0,0.0
0,0,1,0,0,0,0,0,0,0.9116279069767442,0.0,0.726027397260274,0,0.0,0,0,0,0,0,0,1,0,0,0,0,0,0,1,0,0,0.0
0,0,0,1,0,0,0,0,0,0.9511627906976744,0.0,0.6301369863013699,0,0.0,0,0,0,0,0,0,0,1,0,0,0,0,0,1,0,0,0.0
0,0,0,0,1,0,0,0,0,0.9418604651162791,0.0,0.6602739726027397,0,0.0,0,0,0,0,0,0,0,1,0,0,0,0,0,1,0,0,0.0
0,0,0,0,0,1,0,0,0,0.9441860465116279,0.0,0.5904109589041096,0,0.0,0,0,0,0,0,0,0,1,0,0,0,0,0,1,0,0,0.0
0,0,0,0,0,0,1,0,0,0.9534883720930233,0.0,0.6287671232876711,0,0.0,0,0,0,0,0,0,0,1,0,0,0,0,0,1,0,0,0.0
1,1,0,0,0,0,0,1,0,0.9627906976744186,0.0,0.5849315068493149,1,0.0,0,0,0,0,0,0,0,1,0,0,0,0,0,1,0,0,0.0
1,1,0,0,0,0,0,0,1,0.9511627906976744,0.028403967538322812,0.6438356164383562,1,0.0,0,0,0,0,0,0,0,1,0,0,0,0,0,1,0,0,0.0
0,0,1,0,0,0,0,0,0,0.9558139534883721,0.0,0.6301369863013699,0,0.0,0,0,0,0,0,0,0,1,0,0,0,0,0,1,0,0,0.0
0,0,0,1,0,0,0,0,0,0.9651162790697675,0.0,0.5780821917808219,0,0.0,0,0,0,0,0,0,0,1,0,0,0,0,0,1,0,0,0.0
0,0,0,0,1,0,0,0,0,0.8790697674418604,0.2046889089269612,0.7547945205479452,0,0.0,0,0,0,0,0,0,0,1,0,0,0,0,0,1,0,0,0.0
0,0,0,0,0,1,0,0,0,0.7604651162790698,0.6460775473399459,0.9506849315068493,0,0.0,0,0,0,0,0,0,0,1,0,0,0,0,0,1,0,0,0.0
0,0,0,0,0,0,1,0,0,0.8534883720930232,0.03606853020739405,0.7671232876712328,0,0.0,0,0,0,0,0,0,0,1,0,0,0,0,0,1,0,0,0.0
1,1,0,0,0,0,0,1,0,0.827906976744186,0.016681695220919748,0.810958904109589,1,0.0,0,0,0,0,0,0,0,1,0,0,0,0,0,1,0,0,0.0
1,1,0,0,0,0,0,0,1,0.8883720930232558,0.0,0.7465753424657535,1,0.0,0,0,0,0,0,0,0,1,0,0,0,0,0,1,0,0,0.0
0,0,1,0,0,0,0,0,0,0.9186046511627907,0.0,0.6794520547945206,0,0.0,0,0,0,0,0,0,0,1,0,0,0,0,0,1,0,0,0.0
1,0,0,1,0,0,0,0,0,0.9186046511627907,0.0,0.6671232876712327,1,0.0,0,0,0,0,0,0,0,1,0,0,0,0,0,1,0,0,0.0
0,0,0,0,1,0,0,0,0,0.9093023255813953,0.0,0.6520547945205479,0,0.0,0,0,0,0,0,0,0,1,0,0,0,0,0,1,0,0,0.0
0,0,0,0,0,1,0,0,0,0.872093023255814,0.006762849413886384,0.7684931506849315,0,0.0,0,0,0,0,0,0,0,1,0,0,0,0,0,1,0,0,0.0
0,0,0,0,0,0,1,0,0,0.9232558139534883,0.0009017132551848513,0.6643835616438357,0,0.0,0,0,0,0,0,0,0,1,0,0,0,0,0,1,0,0,0.0
1,1,0,0,0,0,0,1,0,0.9209302325581394,0.0,0.6575342465753425,1,0.0,0,0,0,0,0,0,0,1,0,0,0,0,0,1,0,0,0.0
1,1,0,0,0,0,0,0,1,0.9186046511627907,0.0,0.6397260273972601,1,0.0,0,0,0,0,0,0,0,1,0,0,0,0,0,1,0,0,0.0
0,0,1,0,0,0,0,0,0,0.9441860465116279,0.0,0.6191780821917807,0,0.0,0,0,0,0,0,0,0,1,0,0,0,0,0,1,0,0,0.0
0,0,0,1,0,0,0,0,0,0.9069767441860466,0.006762849413886384,0.6698630136986301,0,0.0,0,0,0,0,0,0,0,1,0,0,0,0,0,1,0,0,0.0
0,0,0,0,1,0,0,0,0,0.8860465116279069,0.10279531109107304,0.8027397260273972,0,0.0,0,0,0,0,0,0,0,1,0,0,0,0,0,1,0,0,0.0
0,0,0,0,0,1,0,0,0,0.8581395348837209,0.19972948602344454,0.8863013698630136,0,0.0,0,0,0,0,0,0,0,1,0,0,0,0,0,1,0,0,0.0
0,0,0,0,0,0,1,0,0,0.8744186046511627,0.0,0.6287671232876711,0,0.0,0,0,0,0,0,0,0,1,0,0,0,0,0,1,0,0,0.0
1,1,0,0,0,0,0,1,0,0.8465116279069768,0.0,0.6904109589041096,1,0.0,0,0,0,0,0,0,0,1,0,0,0,0,0,1,0,0,0.0
1,1,0,0,0,0,0,0,1,0.8744186046511627,0.0,0.6493150684931507,1,0.0,0,0,0,0,0,0,0,1,0,0,0,0,0,1,0,0,0.0
0,0,1,0,0,0,0,0,0,0.872093023255814,0.0,0.6726027397260275,0,0.0,0,0,0,0,0,0,0,1,0,0,0,0,0,1,0,0,0.0
0,0,0,1,0,0,0,0,0,0.8418604651162791,0.02479711451758341,0.8479452054794521,0,0.0,0,0,0,0,0,0,0,1,0,0,0,0,0,1,0,0,0.0
0,0,0,0,1,0,0,0,0,0.7558139534883721,0.20018034265103696,0.952054794520548,0,0.0,0,0,0,0,0,0,0,1,0,0,0,0,0,1,0,0,0.0
0,0,0,0,0,1,0,0,0,0.7883720930232558,0.0,0.7794520547945205,0,0.0,0,0,0,0,0,0,0,1,0,0,0,0,0,1,0,0,0.0
0,0,0,0,0,0,1,0,0,0.8023255813953488,0.0,0.6630136986301369,0,0.0,0,0,0,0,0,0,0,0,1,0,0,0,0,0,1,0,0.0
1,1,0,0,0,0,0,1,0,0.8372093023255814,0.0,0.6356164383561643,1,0.0,0,0,0,0,0,0,0,0,1,0,0,0,0,0,1,0,0.0
1,1,0,0,0,0,0,0,1,0.8930232558139535,0.0,0.6863013698630136,1,0.0,0,0,0,0,0,0,0,0,1,0,0,0,0,0,1,0,0.0
0,0,1,0,0,0,0,0,0,0.9023255813953488,0.0,0.6972602739726026,0,0.0,0,0,0,0,0,0,0,0,1,0,0,0,0,0,1,0,0.0
0,0,0,1,0,0,0,0,0,0.8906976744186046,0.0,0.5808219178082191,0,0.0,0,0,0,0,0,0,0,0,1,0,0,0,0,0,1,0,0.0
0,0,0,0,1,0,0,0,0,0.8697674418604651,0.0,0.5917808219178081,0,0.0,0,0,0,0,0,0,0,0,1,0,0,0,0,0,1,0,0.0
0,0,0,0,0,1,0,0,0,0.8465116279069768,0.0,0.4876712328767123,0,0.0,0,0,0,0,0,0,0,0,1,0,0,0,0,0,1,0,0.0
0,0,0,0,0,0,1,0,0,0.8069767441860465,0.0,0.5054794520547945,0,0.0,0,0,0,0,0,0,0,0,1,0,0,0,0,0,1,0,0.0
1,1,0,0,0,0,0,1,0,0.8255813953488372,0.0,0.5917808219178081,1,0.0,0,0,0,0,0,0,0,0,1,0,0,0,0,0,1,0,0.0
1,1,0,0,0,0,0,0,1,0.8441860465116279,0.0,0.6054794520547945,1,0.0,0,0,0,0,0,0,0,0,1,0,0,0,0,0,1,0,0.0
0,0,1,0,0,0,0,0,0,0.8511627906976744,0.0,0.6082191780821917,0,0.0,0,0,0,0,0,0,0,0,1,0,0,0,0,0,1,0,0.0
0,0,0,1,0,0,0,0,0,0.8348837209302326,0.0,0.6438356164383562,0,0.0,0,0,0,0,0,0,0,0,1,0,0,0,0,0,1,0,0.0
0,0,0,0,1,0,0,0,0,0.7534883720930232,0.12398557258791704,0.9232876712328766,0,0.0,0,0,0,0,0,0,0,0,1,0,0,0,0,0,1,0,0.0
0,0,0,0,0,1,0,0,0,0.7790697674418605,0.02660054102795311,0.8589041095890411,0,0.0,0,0,0,0,0,0,0,0,1,0,0,0,0,0,1,0,0.0
0,0,0,0,0,0,1,0,0,0.7744186046511627,0.06807935076645627,0.9465753424657535,0,0.0,0,0,0,0,0,0,0,0,1,0,0,0,0,0,1,0,0.0
1,1,0,0,0,0,0,1,0,0.7883720930232558,0.2655545536519387,0.9506849315068493,1,0.0,0,0,0,0,0,0,0,0,1,0,0,0,0,0,1,0,0.0
1,1,0,0,0,0,0,0,1,0.8325581395348837,0.0,0.8082191780821919,1,0.0,0,0,0,0,0,0,0,0,1,0,0,0,0,0,1,0,0.0
0,0,1,0,0,0,0,0,0,0.8348837209302326,0.009918845807033365,0.7561643835616438,0,0.0,0,0,0,0,0,0,0,0,1,0,0,0,0,0,1,0,0.0
0,0,0,1,0,0,0,0,0,0.813953488372093,0.0,0.7452054794520548,0,0.0,0,0,0,0,0,0,0,0,1,0,0,0,0,0,1,0,0.0
0,0,0,0,1,0,0,0,0,0.7511627906976743,0.6884580703336338,0.9410958904109588,0,0.0,0,0,0,0,0,0,0,0,1,0,0,0,0,0,1,0,0.0
0,0,0,0,0,1,0,0,0,0.6930232558139534,0.013525698827772768,0.8890410958904109,0,0.0,0,0,0,0,0,0,0,0,1,0,0,0,0,0,1,0,0.0
0,0,0,0,0,0,1,0,0,0.6976744186046512,0.0,0.758904109589041,0,0.0,0,0,0,0,0,0,0,0,1,0,0,0,0,0,1,0,0.0
1,1,0,0,0,0,0,1,0,0.7186046511627906,0.0,0.6643835616438357,1,0.0,0,0,0,0,0,0,0,0,1,0,0,0,0,0,1,0,0.0
1,1,0,0,0,0,0,0,1,0.7558139534883721,0.0,0.4657534246575342,1,0.0,0,0,0,0,0,0,0,0,1,0,0,0,0,0,1,0,0.0
0,0,1,0,0,0,0,0,0,0.7627906976744185,0.018034265103697024,0.6794520547945206,0,0.0,0,0,0,0,0,0,0,0,1,0,0,0,0,0,1,0,0.0
0,0,0,1,0,0,0,0,0,0.7395348837209301,0.15870153291253383,0.9534246575342464,0,0.0,0,0,0,0,0,0,0,0,1,0,0,0,0,0,1,0,0.0
0,0,0,0,1,0,0,0,0,0.7651162790697674,0.006311992786293958,0.8849315068493151,0,0.0,0,0,0,0,0,0,0,0,1,0,0,0,0,0,1,0,0.0
0,0,0,0,0,1,0,0,0,0.7813953488372093,0.0,0.6863013698630136,0,0.0,0,0,0,0,0,0,0,0,1,0,0,0,0,0,1,0,0.0
0,0,0,0,0,0,1,0,0,0.7348837209302326,0.0,0.6835616438356165,0,0.0,0,0,0,0,0,0,0,0,1,0,0,0,0,0,1,0,0.0
1,1,0,0,0,0,0,1,0,0.6976744186046512,0.0193868349864743,0.7246575342465753,1,0.0,0,0,0,0,0,0,0,0,1,0,0,0,0,0,1,0,0.0
1,1,0,0,0,0,0,0,1,0.6790697674418604,0.0,0.5,1,0.0,0,0,0,0,0,0,0,0,0,1,0,0,0,0,1,0,0.0
1,0,1,0,0,0,0,0,0,0.6534883720930232,0.0,0.563013698630137,1,0.0,0,0,0,0,0,0,0,0,0,1,0,0,0,0,1,0,0.0
1,0,0,1,0,0,0,0,0,0.6186046511627907,0.0,0.7547945205479452,1,0.0,0,0,0,0,0,0,0,0,0,1,0,0,0,0,1,0,0.0
0,0,0,0,1,0,0,0,0,0.6790697674418604,0.0,0.6438356164383562,0,0.0,0,0,0,0,0,0,0,0,0,1,0,0,0,0,1,0,0.0
0,0,0,0,0,1,0,0,0,0.6023255813953488,0.0,0.24931506849315066,0,0.0,0,0,0,0,0,0,0,0,0,1,0,0,0,0,1,0,0.0
0,0,0,0,0,0,1,0,0,0.613953488372093,0.0,0.4465753424657535,0,0.0,0,0,0,0,0,0,0,0,0,1,0,0,0,0,1,0,0.0
1,1,0,0,0,0,0,1,0,0.6302325581395348,0.0,0.6369863013698631,1,0.0,0,0,0,0,0,0,0,0,0,1,0,0,0,0,1,0,0.0
1,1,0,0,0,0,0,0,1,0.6651162790697673,0.0,0.5534246575342465,1,0.0,0,0,0,0,0,0,0,0,0,1,0,0,0,0,1,0,0.0
1,0,1,0,0,0,0,0,0,0.6674418604651162,0.0,0.6246575342465753,1,0.0,0,0,0,0,0,0,0,0,0,1,0,0,0,0,1,0,0.0
0,0,0,1,0,0,0,0,0,0.6488372093023256,0.0,0.6561643835616437,0,0.0,0,0,0,0,0,0,0,0,0,1,0,0,0,0,1,0,0.0
0,0,0,0,1,0,0,0,0,0.6511627906976745,0.0,0.5616438356164384,0,0.0,0,0,0,0,0,0,0,0,0,1,0,0,0,0,1,0,0.0
0,0,0,0,0,1,0,0,0,0.6395348837209303,0.0,0.5547945205479453,0,0.0,0,0,0,0,0,0,0,0,0,1,0,0,0,0,1,0,0.0
0,0,0,0,0,0,1,0,0,0.6465116279069767,0.0,0.6232876712328768,0,0.0,0,0,0,0,0,0,0,0,0,1,0,0,0,0,1,0,0.0
1,1,0,0,0,0,0,1,0,0.6209302325581395,0.0,0.7,1,0.0,0,0,0,0,0,0,0,0,0,1,0,0,0,0,1,0,0.0
1,1,0,0,0,0,0,0,1,0.6162790697674418,0.0,0.7013698630136986,1,0.0,0,0,0,0,0,0,0,0,0,1,0,0,0,0,1,0,0.0
0,0,1,0,0,0,0,0,0,0.6069767441860465,0.0,0.5493150684931507,0,0.0,0,0,0,0,0,0,0,0,0,1,0,0,0,0,1,0,0.0
0,0,0,1,0,0,0,0,0,0.5744186046511628,0.0,0.5397260273972603,0,0.0,0,0,0,0,0,0,0,0,0,1,0,0,0,0,1,0,0.0
0,0,0,0,1,0,0,0,0,0.6093023255813954,0.0,0.5643835616438355,0,0.0,0,0,0,0,0,0,0,0,0,1,0,0,0,0,1,0,0.0
0,0,0,0,0,1,0,0,0,0.6186046511627907,0.05004508566275924,0.8424657534246576,0,0.0,0,0,0,0,0,0,0,0,0,1,0,0,0,0,1,0,0.0
0,0,0,0,0,0,1,0,0,0.5395348837209302,0.004959422903516682,0.4945205479452055,0,0.0,0,0,0,0,0,0,0,0,0,1,0,0,0,0,1,0,0.0
1,1,0,0,0,0,0,1,0,0.5116279069767442,0.0,0.4849315068493151,1,0.0,0,0,0,0,0,0,0,0,0,1,0,0,0,0,1,0,0.0
1,1,0,0,0,0,0,0,1,0.5395348837209302,0.0,0.6041095890410959,1,0.0,0,0,0,0,0,0,0,0,0,1,0,0,0,0,1,0,0.0
0,0,1,0,0,0,0,0,0,0.5837209302325581,0.0,0.7,0,0.0,0,0,0,0,0,0,0,0,0,1,0,0,0,0,1,0,0.0
0,0,0,1,0,0,0,0,0,0.5906976744186047,0.0,0.721917808219178,0,0.0,0,0,0,0,0,0,0,0,0,1,0,0,0,0,1,0,0.0
0,0,0,0,1,0,0,0,0,0.6302325581395348,0.0,0.6917808219178083,0,0.0,0,0,0,0,0,0,0,0,0,1,0,0,0,0,1,0,0.0
0,0,0,0,0,1,0,0,0,0.6511627906976745,0.0,0.7273972602739727,0,0.0,0,0,0,0,0,0,0,0,0,1,0,0,0,0,1,0,0.0
0,0,0,0,0,0,1,0,0,0.5976744186046512,0.0,0.6397260273972601,0,0.0,0,0,0,0,0,0,0,0,0,1,0,0,0,0,1,0,0.0
1,1,0,0,0,0,0,1,0,0.5744186046511628,0.0,0.6808219178082191,1,0.0,0,0,0,0,0,0,0,0,0,1,0,0,0,0,1,0,0.0
1,1,0,0,0,0,0,0,1,0.5744186046511628,0.0,0.6356164383561643,1,0.0,0,0,0,0,0,0,0,0,0,1,0,0,0,0,1,0,0.0
0,0,1,0,0,0,0,0,0,0.5930232558139534,0.0,0.6534246575342465,0,0.0,0,0,0,0,0,0,0,0,0,1,0,0,0,0,1,0,0.0
0,0,0,1,0,0,0,0,0,0.6093023255813954,0.0,0.5917808219178081,0,0.0,0,0,0,0,0,0,0,0,0,1,0,0,0,0,1,0,0.0
0,0,0,0,1,0,0,0,0,0.686046511627907,0.0,0.6082191780821917,0,0.0,0,0,0,0,0,0,0,0,0,0,1,0,0,0,1,0,0.0
0,0,0,0,0,1,0,0,0,0.7209302325581395,0.0,0.47534246575342465,0,0.0,0,0,0,0,0,0,0,0,0,0,1,0,0,0,1,0,0.0
0,0,0,0,0,0,1,0,0,0.713953488372093,0.0,0.6164383561643836,0,0.0,0,0,0,0,0,0,0,0,0,0,1,0,0,0,1,0,0.0
1,1,0,0,0,0,0,1,0,0.7023255813953488,0.0,0.7753424657534247,1,0.0,0,0,0,0,0,0,0,0,0,0,1,0,0,0,1,0,0.0
1,1,0,0,0,0,0,0,1,0.713953488372093,0.03381424706943192,0.6986301369863015,1,0.0,0,0,0,0,0,0,0,0,0,0,1,0,0,0,1,0,0.0
0,0,1,0,0,0,0,0,0,0.6255813953488372,0.05184851217312894,0.5547945205479453,0,0.0,0,0,0,0,0,0,0,0,0,0,1,0,0,0,1,0,0.0
0,0,0,1,0,0,0,0,0,0.45813953488372094,0.0,0.42054794520547945,0,0.0,0,0,0,0,0,0,0,0,0,0,1,0,0,0,1,0,0.0
0,0,0,0,1,0,0,0,0,0.4604651162790697,0.0,0.4931506849315068,0,0.0,0,0,0,0,0,0,0,0,0,0,1,0,0,0,1,0,0.0
0,0,0,0,0,1,0,0,0,0.5325581395348837,0.03742110009017133,0.6767123287671233,0,0.0,0,0,0,0,0,0,0,0,0,0,1,0,0,0,1,0,0.0
0,0,0,0,0,0,1,0,0,0.39767441860465114,0.0013525698827772767,0.34794520547945207,0,0.0,0,0,0,0,0,0,0,0,0,0,1,0,0,0,1,0,0.0
1,1,0,0,0,0,0,1,0,0.30465116279069765,0.0,0.410958904109589,1,0.0,0,0,0,0,0,0,0,0,0,0,1,0,0,0,1,0,0.0
1,1,0,0,0,0,0,0,1,0.30465116279069765,0.0,0.5082191780821917,1,0.0,0,0,0,0,0,0,0,0,0,0,1,0,0,0,1,0,0.0
0,0,1,0,0,0,0,0,0,0.3209302325581395,0.0,0.46438356164383554,0,0.0,0,0,0,0,0,0,0,0,0,0,1,0,0,0,1,0,0.0
0,0,0,1,0,0,0,0,0,0.3930232558139535,0.0,0.5835616438356164,0,0.0,0,0,0,0,0,0,0,0,0,0,1,0,0,0,1,0,0.0
0,0,0,0,1,0,0,0,0,0.42790697674418604,0.0,0.6041095890410959,0,0.0,0,0,0,0,0,0,0,0,0,0,1,0,0,0,1,0,0.0
0,0,0,0,0,1,0,0,0,0.3883720930232558,0.03381424706943192,0.8726027397260272,0,0.0,0,0,0,0,0,0,0,0,0,0,1,0,0,0,1,0,0.0
0,0,0,0,0,0,1,0,0,0.32325581395348835,0.004508566275924256,0.6493150684931507,0,0.0,0,0,0,0,0,0,0,0,0,0,1,0,0,0,1,0,0.0
1,1,0,0,0,0,0,1,0,0.3023255813953488,0.003606853020739405,0.5917808219178081,1,0.0,0,0,0,0,0,0,0,0,0,0,1,0,0,0,1,0,0.0
1,1,0,0,0,0,0,0,1,0.44651162790697674,0.0,0.5917808219178081,1,0.0,0,0,0,0,0,0,0,0,0,0,1,0,0,0,1,0,0.0
0,0,1,0,0,0,0,0,0,0.4046511627906977,0.0,0.4657534246575342,0,0.0,0,0,0,0,0,0,0,0,0,0,1,0,0,0,1,0,0.0
0,0,0,1,0,0,0,0,0,0.40930232558139534,0.0,0.4657534246575342,0,0.0,0,0,0,0,0,0,0,0,0,0,1,0,0,0,1,0,0.0
0,0,0,0,1,0,0,0,0,0.44883720930232557,0.0,0.6602739726027397,0,0.0,0,0,0,0,0,0,0,0,0,0,1,0,0,0,1,0,0.0
0,0,0,0,0,1,0,0,0,0.5627906976744186,0.0,0.47397260273972597,0,0.0,0,0,0,0,0,0,0,0,0,0,1,0,0,0,1,0,0.0
0,0,0,0,0,0,1,0,0,0.2930232558139535,0.0,0.3136986301369863,0,0.0,0,0,0,0,0,0,0,0,0,0,1,0,0,0,1,0,0.0
1,1,0,0,0,0,0,1,0,0.23720930232558138,0.0,0.1863013698630137,1,0.0,0,0,0,0,0,0,0,0,0,0,1,0,0,0,1,0,0.0
1,1,0,0,0,0,0,0,1,0.36279069767441857,0.0018034265103697026,0.34931506849315064,1,0.0,0,0,0,0,0,0,0,0,0,0,1,0,0,0,1,0,0.0
0,0,1,0,0,0,0,0,0,0.42790697674418604,0.013525698827772768,0.7904109589041095,0,0.0,0,0,0,0,0,0,0,0,0,0,1,0,0,0,1,0,0.0
0,0,0,1,0,0,0,0,0,0.3441860465116279,0.0,0.4794520547945206,0,0.0,0,0,0,0,0,0,0,0,0,0,1,0,0,0,1,0,0.0
0,0,0,0,1,0,0,0,0,0.3209302325581395,0.0,0.5808219178082191,0,0.0,0,0,0,0,0,0,0,0,0,0,1,0,0,0,1,0,0.0
0,0,0,0,0,1,0,0,0,0.21627906976744185,0.0,0.34794520547945207,0,0.0,0,0,0,0,0,0,0,0,0,0,1,0,0,0,1,0,0.0
0,0,0,0,0,0,1,0,0,0.2255813953488372,0.0,0.4712328767123287,0,0.0,0,0,0,0,0,0,0,0,0,0,0,1,0,0,0,1,0.0
1,1,0,0,0,0,0,1,0,0.3302325581395349,0.0,0.5068493150684932,1,0.0,0,0,0,0,0,0,0,0,0,0,0,1,0,0,0,1,0.0
1,1,0,0,0,0,0,0,1,0.327906976744186,0.0,0.34246575342465757,1,0.0,0,0,0,0,0,0,0,0,0,0,0,1,0,0,0,1,0.0
0,0,1,0,0,0,0,0,0,0.3186046511627907,0.0,0.4931506849315068,0,0.0,0,0,0,0,0,0,0,0,0,0,0,1,0,0,0,1,0.0
0,0,0,1,0,0,0,0,0,0.34883720930232553,0.0,0.5643835616438355,0,0.0,0,0,0,0,0,0,0,0,0,0,0,1,0,0,0,1,0.0
0,0,0,0,1,0,0,0,0,0.4046511627906977,0.023895401262398554,0.6739726027397259,0,0.0,0,0,0,0,0,0,0,0,0,0,0,1,0,0,0,1,0.0
0,0,0,0,0,1,0,0,0,0.4116279069767442,0.0,0.4273972602739726,0,0.0,0,0,0,0,0,0,0,0,0,0,0,1,0,0,0,1,0.0
0,0,0,0,0,0,1,0,0,0.5116279069767442,0.0,0.5219178082191781,0,0.0,0,0,0,0,0,0,0,0,0,0,0,1,0,0,0,1,0.0
1,1,0,0,0,0,0,1,0,0.5744186046511628,0.0,0.6383561643835616,1,0.0,0,0,0,0,0,0,0,0,0,0,0,1,0,0,0,1,0.0
1,1,0,0,0,0,0,0,1,0.5883720930232559,0.0,0.6438356164383562,1,0.0,0,0,0,0,0,0,0,0,0,0,0,1,0,0,0,1,0.0
0,0,1,0,0,0,0,0,0,0.541860465116279,0.16681695220919748,0.7972602739726027,0,0.0,0,0,0,0,0,0,0,0,0,0,0,1,0,0,0,1,0.0
0,0,0,1,0,0,0,0,0,0.4418604651162791,0.002254283137962128,0.7013698630136986,0,0.0,0,0,0,0,0,0,0,0,0,0,0,1,0,0,0,1,0.0
0,0,0,0,1,0,0,0,0,0.48604651162790696,0.0,0.5767123287671233,0,0.0,0,0,0,0,0,0,0,0,0,0,0,1,0,0,0,1,0.0
0,0,0,0,0,1,0,0,0,0.4883720930232558,0.11992786293958521,0.747945205479452,0,0.0,0,0,0,0,0,0,0,0,0,0,0,1,0,0,0,1,0.0
0,0,0,0,0,0,1,0,0,0.4720930232558139,0.21190261496844004,0.9452054794520548,0,0.0,0,0,0,0,0,0,0,0,0,0,0,1,0,0,0,1,0.0
1,1,0,0,0,0,0,1,0,0.22325581395348837,0.012623985572587915,0.7041095890410958,1,0.0,0,0,0,0,0,0,0,0,0,0,0,1,0,0,0,1,0.0
1,1,0,0,0,0,0,0,1,0.06744186046511627,0.0,0.5082191780821917,1,0.0,0,0,0,0,0,0,0,0,0,0,0,1,0,0,0,1,0.0
0,0,1,0,0,0,0,0,0,0.13488372093023254,0.0,0.40410958904109584,0,0.0,0,0,0,0,0,0,0,0,0,0,0,1,0,0,0,1,0.0
0,0,0,1,0,0,0,0,0,0.2069767441860465,0.0,0.4849315068493151,0,0.0,0,0,0,0,0,0,0,0,0,0,0,1,0,0,0,1,0.0
0,0,0,0,1,0,0,0,0,0.13720930232558137,0.002254283137962128,0.6315068493150685,0,0.0,0,0,0,0,0,0,0,0,0,0,0,1,0,0,0,1,0.0
0,0,0,0,0,1,0,0,0,0.039534883720930225,0.0,0.5534246575342465,0,0.0,0,0,0,0,0,0,0,0,0,0,0,1,0,0,0,1,0.0
0,0,0,0,0,0,1,0,0,0.044186046511627886,0.0,0.45342465753424654,0,0.0,0,0,0,0,0,0,0,0,0,0,0,1,0,0,0,1,0.0
1,1,0,0,0,0,0,1,0,0.13488372093023254,0.0,0.44794520547945205,1,0.0,0,0,0,0,0,0,0,0,0,0,0,1,0,0,0,1,0.0
1,1,0,0,0,0,0,0,1,0.23023255813953486,0.003155996393146979,0.6972602739726026,1,0.0,0,0,0,0,0,0,0,0,0,0,0,1,0,0,0,1,0.0
1,0,1,0,0,0,0,0,0,0.2558139534883721,0.0,0.7561643835616438,1,0.0,0,0,0,0,0,0,0,0,0,0,0,1,0,0,0,1,0.0
0,0,0,1,0,0,0,0,0,0.31627906976744186,0.0,0.6561643835616437,0,0.0,0,0,0,0,0,0,0,0,0,0,0,1,0,0,0,1,0.0
0,0,0,0,1,0,0,0,0,0.3255813953488372,0.0,0.6739726027397259,0,0.0,0,0,0,0,0,0,0,0,0,0,0,1,0,0,0,1,0.0
0,0,0,0,0,1,0,0,0,0.2930232558139535,0.0,0.7383561643835617,0,0.0,0,0,0,0,0,0,0,0,0,0,0,1,0,0,0,1,0.0
0,0,0,0,0,0,1,0,0,0.3093023255813953,0.0,0.6876712328767123,0,0.0,0,0,0,0,0,0,0,0,0,0,0,1,0,0,0,1,0.0
1,1,0,0,0,0,0,1,0,0.2837209302325581,0.008566275924256087,0.8890410958904109,1,0.0,0,0,0,0,0,0,0,0,0,0,0,1,0,0,0,1,0.0
1,1,0,0,0,0,0,0,1,0.35348837209302325,0.008115419296663661,0.8301369863013699,1,0.0,0,0,0,0,0,0,0,0,0,0,0,1,0,0,0,1,0.0
1,0,1,0,0,0,0,0,0,0.35348837209302325,0.0,0.6972602739726026,1,0.0,1,0,0,0,0,0,0,0,0,0,0,0,0,0,0,1,0.0
0,0,0,1,0,0,0,0,0,0.3581395348837209,0.0,0.6561643835616437,0,0.0,1,0,0,0,0,0,0,0,0,0,0,0,0,0,0,1,0.0
0,0,0,0,1,0,0,0,0,0.3093023255813953,0.0009017132551848513,0.6972602739726026,0,0.0,1,0,0,0,0,0,0,0,0,0,0,0,0,0,0,1,0.0
0,0,0,0,0,1,0,0,0,0.2883720930232558,0.0,0.6698630136986301,0,0.0,1,0,0,0,0,0,0,0,0,0,0,0,0,0,0,1,0.0
0,0,0,0,0,0,1,0,0,0.3953488372093023,0.0,0.6808219178082191,0,0.0,1,0,0,0,0,0,0,0,0,0,0,0,0,0,0,1,0.0
1,1,0,0,0,0,0,1,0,0.29767441860465116,0.0013525698827772767,0.5698630136986301,1,0.0,1,0,0,0,0,0,0,0,0,0,0,0,0,0,0,1,0.0
1,1,0,0,0,0,0,0,1,0.213953488372093,0.0,0.3835616438356164,1,0.0,1,0,0,0,0,0,0,0,0,0,0,0,0,0,0,1,0.0
0,0,1,0,0,0,0,0,0,0.1767441860465116,0.0,0.36438356164383556,0,0.0,1,0,0,0,0,0,0,0,0,0,0,0,0,0,0,1,0.0
0,0,0,1,0,0,0,0,0,0.2837209302325581,0.012623985572587915,0.6178082191780822,0,0.0,1,0,0,0,0,0,0,0,0,0,0,0,0,0,0,1,0.0
0,0,0,0,1,0,0,0,0,0.23488372093023255,0.0027051397655545534,0.8315068493150684,0,0.0,1,0,0,0,0,0,0,0,0,0,0,0,0,0,0,1,0.0
0,0,0,0,0,1,0,0,0,0.27906976744186046,0.0,0.7205479452054795,0,0.0,1,0,0,0,0,0,0,0,0,0,0,0,0,0,0,1,0.0
0,0,0,0,0,0,1,0,0,0.33255813953488367,0.0,0.4438356164383561,0,0.0,1,0,0,0,0,0,0,0,0,0,0,0,0,0,0,1,0.0
1,1,0,0,0,0,0,1,0,0.27441860465116275,0.0,0.39863013698630134,1,0.0,1,0,0,0,0,0,0,0,0,0,0,0,0,0,0,1,0.0
1,1,0,0,0,0,0,0,1,0.2930232558139535,0.015779981965734897,0.726027397260274,1,0.0,1,0,0,0,0,0,0,0,0,0,0,0,0,0,0,1,0.0
0,0,1,0,0,0,0,0,0,0.21627906976744185,0.0,0.3561643835616438,0,0.0,1,0,0,0,0,0,0,0,0,0,0,0,0,0,0,1,0.0
0,0,0,1,0,0,0,0,0,0.2209302325581395,0.0,0.3958904109589041,0,0.0,1,0,0,0,0,0,0,0,0,0,0,0,0,0,0,1,0.0
0,0,0,0,1,0,0,0,0,0.2837209302325581,0.057258791704238046,0.7767123287671232,0,0.0,1,0,0,0,0,0,0,0,0,0,0,0,0,0,0,1,0.0
0,0,0,0,0,1,0,0,0,0.3651162790697674,0.06853020739404869,0.8986301369863015,0,0.0,1,0,0,0,0,0,0,0,0,0,0,0,0,0,0,1,0.0
0,0,0,0,0,0,1,0,0,0.4023255813953488,0.0,0.5780821917808219,0,0.0,1,0,0,0,0,0,0,0,0,0,0,0,0,0,0,1,0.0
1,1,0,0,0,0,0,1,0,0.3674418604651163,0.05500450856627592,0.7684931506849315,1,0.0,1,0,0,0,0,0,0,0,0,0,0,0,0,0,0,1,0.0
1,1,0,0,0,0,0,0,1,0.327906976744186,0.0009017132551848513,0.7931506849315069,1,0.0,1,0,0,0,0,0,0,0,0,0,0,0,0,0,0,1,0.0
0,0,1,0,0,0,0,0,0,0.1395348837209302,0.0,0.5232876712328767,0,0.0,1,0,0,0,0,0,0,0,0,0,0,0,0,0,0,1,0.0
0,0,0,1,0,0,0,0,0,0.05116279069767443,0.00045085662759242564,0.5602739726027397,0,0.0,1,0,0,0,0,0,0,0,0,0,0,0,0,0,0,1,0.0
0,0,0,0,1,0,0,0,0,0.10465116279069764,0.0,0.5260273972602739,0,0.0,1,0,0,0,0,0,0,0,0,0,0,0,0,0,0,1,0.0
0,0,0,0,0,1,0,0,0,0.16511627906976745,0.0,0.36986301369863017,0,0.0,1,0,0,0,0,0,0,0,0,0,0,0,0,0,0,1,0.0
0,0,0,0,0,0,1,0,0,0.2209302325581395,0.0,0.573972602739726,0,0.0,1,0,0,0,0,0,0,0,0,0,0,0,0,0,0,1,0.0
1,1,0,0,0,0,0,1,0,0.26744186046511625,0.0,0.5123287671232877,1,0.0,1,0,0,0,0,0,0,0,0,0,0,0,0,0,0,1,0.0
1,1,0,0,0,0,0,0,1,0.25813953488372093,0.0,0.5424657534246575,1,0.0,1,0,0,0,0,0,0,0,0,0,0,0,0,0,0,1,0.0
0,0,1,0,0,0,0,0,0,0.24186046511627907,0.0,0.5342465753424658,0,0.0,1,0,0,0,0,0,0,0,0,0,0,0,0,0,0,1,0.0
0,0,0,1,0,0,0,0,0,0.29534883720930233,0.0,0.41369863013698627,0,0.0,1,0,0,0,0,0,0,0,0,0,0,0,0,0,0,1,0.0
0,0,0,0,1,0,0,0,0,0.4023255813953488,0.0,0.29999999999999993,0,0.0,1,0,0,0,0,0,0,0,0,0,0,0,0,0,0,1,0.0
0,0,0,0,0,1,0,0,0,0.3581395348837209,0.0,0.5205479452054794,0,0.0,0,1,0,0,0,0,0,0,0,0,0,0,0,0,0,1,0.0
0,0,0,0,0,0,1,0,0,0.36046511627906974,0.0,0.4945205479452055,0,0.0,0,1,0,0,0,0,0,0,0,0,0,0,0,0,0,1,0.0
1,1,0,0,0,0,0,1,0,0.37209302325581395,0.0018034265103697026,0.6383561643835616,1,0.0,0,1,0,0,0,0,0,0,0,0,0,0,0,0,0,1,0.0
1,1,0,0,0,0,0,0,1,0.40930232558139534,0.005861136158701533,0.6643835616438357,1,0.0,0,1,0,0,0,0,0,0,0,0,0,0,0,0,0,1,0.0
0,0,1,0,0,0,0,0,0,0.36046511627906974,0.05545536519386835,0.806849315068493,0,0.0,0,1,0,0,0,0,0,0,0,0,0,0,0,0,0,1,0.0
0,0,0,1,0,0,0,0,0,0.30465116279069765,0.004959422903516682,0.8630136986301371,0,0.0,0,1,0,0,0,0,0,0,0,0,0,0,0,0,0,1,0.0
0,0,0,0,1,0,0,0,0,0.2720930232558139,0.0,0.5397260273972603,0,0.0,0,1,0,0,0,0,0,0,0,0,0,0,0,0,0,1,0.0
0,0,0,0,0,1,0,0,0,0.27906976744186046,0.0,0.5753424657534247,0,0.0,0,1,0,0,0,0,0,0,0,0,0,0,0,0,0,1,0.0
0,0,0,0,0,0,1,0,0,0.2930232558139535,0.0,0.5095890410958904,0,0.0,0,1,0,0,0,0,0,0,0,0,0,0,0,0,0,1,0.0
1,1,0,0,0,0,0,1,0,0.29534883720930233,0.0,0.5876712328767123,1,0.0,0,1,0,0,0,0,0,0,0,0,0,0,0,0,0,1,0.0
1,1,0,0,0,0,0,0,1,0.2837209302325581,0.0,0.5547945205479453,1,0.0,0,1,0,0,0,0,0,0,0,0,0,0,0,0,0,1,0.0
0,0,1,0,0,0,0,0,0,0.34883720930232553,0.0,0.4178082191780822,0,0.0,0,1,0,0,0,0,0,0,0,0,0,0,0,0,0,1,0.0
0,0,0,1,0,0,0,0,0,0.4604651162790697,0.0,0.48082191780821915,0,0.0,0,1,0,0,0,0,0,0,0,0,0,0,0,0,0,1,0.0
0,0,0,0,1,0,0,0,0,0.5720930232558139,0.0,0.6630136986301369,0,0.0,0,1,0,0,0,0,0,0,0,0,0,0,0,0,0,1,0.0
0,0,0,0,0,1,0,0,0,0.4023255813953488,0.009017132551848512,0.8027397260273972,0,0.0,0,1,0,0,0,0,0,0,0,0,0,0,0,0,0,1,0.0
0,0,0,0,0,0,1,0,0,0.3372093023255814,0.0,0.5301369863013699,0,0.0,0,1,0,0,0,0,0,0,0,0,0,0,0,0,0,1,0.0
1,1,0,0,0,0,0,1,0,0.3930232558139535,0.0,0.5191780821917807,1,0.0,0,1,0,0,0,0,0,0,0,0,0,0,0,0,0,1,0.0
1,1,0,0,0,0,0,0,1,0.3930232558139535,0.12804328223624886,0.7863013698630137,1,0.0,0,1,0,0,0,0,0,0,0,0,0,0,0,0,0,1,0.0
0,0,1,0,0,0,0,0,0,0.49302325581395345,0.07484220018034266,0.9602739726027396,0,0.0,0,1,0,0,0,0,0,0,0,0,0,0,0,0,0,1,0.0
0,0,0,1,0,0,0,0,0,0.3883720930232558,0.022542831379621278,0.8904109589041096,0,0.0,0,1,0,0,0,0,0,0,0,0,0,0,0,0,0,1,0.0
0,0,0,0,1,0,0,0,0,0.3581395348837209,0.08070333633904418,0.8643835616438356,0,0.0,0,1,0,0,0,0,0,0,0,0,0,0,0,0,0,1,0.0
0,0,0,0,0,1,0,0,0,0.313953488372093,0.016681695220919748,0.7630136986301368,0,0.0,0,1,0,0,0,0,0,0,0,0,0,0,0,0,0,1,0.0
0,0,0,0,0,0,1,0,0,0.33488372093023255,0.0,0.5808219178082191,0,0.0,0,1,0,0,0,0,0,0,0,0,0,0,0,0,0,1,0.0
1,1,0,0,0,0,0,1,0,0.33255813953488367,0.014878268710550044,0.5602739726027397,1,0.0,0,1,0,0,0,0,0,0,0,0,0,0,0,0,0,1,0.0
1,1,0,0,0,0,0,0,1,0.3186046511627907,0.007664562669071235,0.8547945205479452,1,0.0,0,1,0,0,0,0,0,0,0,0,0,0,0,0,0,1,0.0
0,0,1,0,0,0,0,0,0,0.3511627906976744,0.0,0.5972602739726027,0,0.0,0,1,0,0,0,0,0,0,0,0,0,0,0,0,0,1,0.0
0,0,0,1,0,0,0,0,0,0.3883720930232558,0.0,0.3287671232876712,0,0.0,0,1,0,0,0,0,0,0,0,0,0,0,0,0,0,1,0.0
0,0,0,0,1,0,0,0,0,0.4116279069767442,0.0,0.3575342465753425,0,0.0,0,1,0,0,0,0,0,0,0,0,0,0,0,0,0,1,0.0
0,0,0,0,0,1,0,0,0,0.3837209302325581,0.0009017132551848513,0.5753424657534247,0,0.0,0,1,0,0,0,0,0,0,0,0,0,0,0,0,0,1,0.0
1,0,0,0,0,0,1,0,0,0.213953488372093,0.0,0.1808219178082192,1,0.0,0,0,1,0,0,0,0,0,0,0,0,0,1,0,0,0,0.0
1,1,0,0,0,0,0,1,0,0.2441860465116279,0.0,0.3794520547945206,1,0.0,0,0,1,0,0,0,0,0,0,0,0,0,1,0,0,0,0.0
1,1,0,0,0,0,0,0,1,0.3883720930232558,0.005410279531109107,0.6575342465753425,1,0.0,0,0,1,0,0,0,0,0,0,0,0,0,1,0,0,0,0.0
0,0,1,0,0,0,0,0,0,0.42093023255813955,0.0,0.4794520547945206,0,0.0,0,0,1,0,0,0,0,0,0,0,0,0,1,0,0,0,0.0
0,0,0,1,0,0,0,0,0,0.4023255813953488,0.011271415689810639,0.7767123287671232,0,0.0,0,0,1,0,0,0,0,0,0,0,0,0,1,0,0,0,0.0
0,0,0,0,1,0,0,0,0,0.42790697674418604,0.0,0.5164383561643836,0,0.0,0,0,1,0,0,0,0,0,0,0,0,0,1,0,0,0,0.0
0,0,0,0,0,1,0,0,0,0.37209302325581395,0.0,0.3684931506849315,0,0.0,0,0,1,0,0,0,0,0,0,0,0,0,1,0,0,0,0.0
0,0,0,0,0,0,1,0,0,0.33255813953488367,0.0,0.2753424657534247,0,0.0,0,0,1,0,0,0,0,0,0,0,0,0,1,0,0,0,0.0
1,1,0,0,0,0,0,1,0,0.3186046511627907,0.0,0.26712328767123283,1,0.0,0,0,1,0,0,0,0,0,0,0,0,0,1,0,0,0,0.0
1,1,0,0,0,0,0,0,1,0.37209302325581395,0.0,0.2589041095890411,1,0.0,0,0,1,0,0,0,0,0,0,0,0,0,1,0,0,0,0.0
0,0,1,0,0,0,0,0,0,0.413953488372093,0.0,0.4383561643835616,0,0.0,0,0,1,0,0,0,0,0,0,0,0,0,1,0,0,0,0.0
0,0,0,1,0,0,0,0,0,0.3953488372093023,0.009017132551848512,0.7150684931506848,0,0.0,0,0,1,0,0,0,0,0,0,0,0,0,1,0,0,0,0.0
0,0,0,0,1,0,0,0,0,0.41860465116279066,0.0,0.4164383561643835,0,0.0,0,0,1,0,0,0,0,0,0,0,0,0,1,0,0,0,0.0
0,0,0,0,0,1,0,0,0,0.4604651162790697,0.0,0.4328767123287671,0,0.0,0,0,1,0,0,0,0,0,0,0,0,0,1,0,0,0,0.0
0,0,0,0,0,0,1,0,0,0.48604651162790696,0.0,0.3246575342465754,0,0.0,0,0,1,0,0,0,0,0,0,0,0,0,1,0,0,0,0.0
1,1,0,0,0,0,0,1,0,0.5302325581395348,0.0,0.23835616438356166,1,0.0,0,0,1,0,0,0,0,0,0,0,0,0,1,0,0,0,0.0
1,1,0,0,0,0,0,0,1,0.4906976744186046,0.0,0.37534246575342467,1,0.0,0,0,1,0,0,0,0,0,0,0,0,0,1,0,0,0,0.0
0,0,1,0,0,0,0,0,0,0.44883720930232557,0.0,0.1397260273972603,0,0.0,0,0,1,0,0,0,0,0,0,0,0,0,1,0,0,0,0.0
0,0,0,1,0,0,0,0,0,0.4325581395348837,0.0,0.3917808219178083,0,0.0,0,0,1,0,0,0,0,0,0,0,0,0,1,0,0,0,0.0
0,0,0,0,1,0,0,0,0,0.37209302325581395,0.0,0.25616438356164384,0,0.0,0,0,1,0,0,0,0,0,0,0,0,0,1,0,0,0,0.0
0,0,0,0,0,1,0,0,0,0.38604651162790693,0.0,0.32739726027397253,0,0.0,0,0,1,0,0,0,0,0,0,0,0,0,1,0,0,0,0.0
0,0,0,0,0,0,1,0,0,0.5,0.01848512173128945,0.4616438356164384,0,0.0,0,0,1,0,0,0,0,0,0,0,0,0,1,0,0,0,0.0
1,1,0,0,0,0,0,1,0,0.6116279069767442,0.0013525698827772767,0.40410958904109584,1,0.0,0,0,1,0,0,0,0,0,0,0,0,0,1,0,0,0,0.0
1,1,0,0,0,0,0,0,1,0.5930232558139534,0.0,0.32054794520547947,1,0.0,0,0,1,0,0,0,0,0,0,0,0,0,1,0,0,0,0.0
0,0,1,0,0,0,0,0,0,0.48372093023255813,0.03065825067628494,0.6534246575342465,0,0.0,0,0,1,0,0,0,0,0,0,0,0,0,1,0,0,0,0.0
0,0,0,1,0,0,0,0,0,0.42093023255813955,0.08791704238052299,0.7684931506849315,0,0.0,0,0,1,0,0,0,0,0,0,0,0,0,1,0,0,0,0.0
0,0,0,0,1,0,0,0,0,0.5023255813953488,0.0,0.5671232876712329,0,0.0,0,0,1,0,0,0,0,0,0,0,0,0,1,0,0,0,0.0
0,0,0,0,0,1,0,0,0,0.47441860465116276,0.09603246167718665,0.9109589041095891,0,0.0,0,0,1,0,0,0,0,0,0,0,0,0,1,0,0,0,0.0
0,0,0,0,0,0,1,0,0,0.4813953488372093,0.0009017132551848513,0.7287671232876711,0,0.0,0,0,1,0,0,0,0,0,0,0,0,0,1,0,0,0,0.0
1,1,0,0,0,0,0,1,0,0.4976744186046511,0.0,0.5712328767123287,1,0.0,0,0,1,0,0,0,0,0,0,0,0,0,1,0,0,0,0.0
1,1,0,0,0,0,0,0,1,0.5186046511627906,0.0,0.2808219178082192,1,0.0,0,0,1,0,0,0,0,0,0,0,0,0,1,0,0,0,0.0
0,0,1,0,0,0,0,0,0,0.569767441860465,0.0,0.22739726027397267,0,0.0,0,0,0,1,0,0,0,0,0,0,0,0,1,0,0,0,0.0
0,0,0,1,0,0,0,0,0,0.6395348837209303,0.0,0.3027397260273973,0,0.0,0,0,0,1,0,0,0,0,0,0,0,0,1,0,0,0,0.0
0,0,0,0,1,0,0,0,0,0.5720930232558139,0.0721370604147881,0.9315068493150684,0,0.0,0,0,0,1,0,0,0,0,0,0,0,0,1,0,0,0,0.0
0,0,0,0,0,1,0,0,0,0.5767441860465117,0.0,0.6465753424657533,0,0.0,0,0,0,1,0,0,0,0,0,0,0,0,1,0,0,0,0.0
0,0,0,0,0,0,1,0,0,0.5744186046511628,0.0,0.4794520547945206,0,0.0,0,0,0,1,0,0,0,0,0,0,0,0,1,0,0,0,0.0
1,1,0,0,0,0,0,1,0,0.5720930232558139,0.0,0.46849315068493147,1,0.0,0,0,0,1,0,0,0,0,0,0,0,0,1,0,0,0,0.0
1,1,0,0,0,0,0,0,1,0.6348837209302325,0.0,0.26027397260273977,1,0.0,0,0,0,1,0,0,0,0,0,0,0,0,1,0,0,0,0.0
0,0,1,0,0,0,0,0,0,0.6488372093023256,0.0,0.22739726027397267,0,0.0,0,0,0,1,0,0,0,0,0,0,0,0,1,0,0,0,0.0
0,0,0,1,0,0,0,0,0,0.6209302325581395,0.0,0.26575342465753427,0,0.0,0,0,0,1,0,0,0,0,0,0,0,0,1,0,0,0,0.0
0,0,0,0,1,0,0,0,0,0.6023255813953488,0.0,0.36575342465753424,0,0.0,0,0,0,1,0,0,0,0,0,0,0,0,1,0,0,0,0.0
0,0,0,0,0,1,0,0,0,0.6395348837209303,0.0,0.4876712328767123,0,0.0,0,0,0,1,0,0,0,0,0,0,0,0,1,0,0,0,0.0
0,0,0,0,0,0,1,0,0,0.672093023255814,0.0,0.4273972602739726,0,0.0,0,0,0,1,0,0,0,0,0,0,0,0,1,0,0,0,0.0
1,1,0,0,0,0,0,1,0,0.713953488372093,0.0,0.3082191780821918,1,0.0,0,0,0,1,0,0,0,0,0,0,0,0,1,0,0,0,0.0
1,1,0,0,0,0,0,0,1,0.7372093023255815,0.0,0.2863013698630137,1,0.0,0,0,0,1,0,0,0,0,0,0,0,0,1,0,0,0,0.0
0,0,1,0,0,0,0,0,0,0.641860465116279,0.03381424706943192,0.7630136986301368,0,0.0,0,0,0,1,0,0,0,0,0,0,0,0,1,0,0,0,0.0
0,0,0,1,0,0,0,0,0,0.5976744186046512,0.002254283137962128,0.6945205479452055,0,0.0,0,0,0,1,0,0,0,0,0,0,0,0,1,0,0,0,0.0
0,0,0,0,1,0,0,0,0,0.627906976744186,0.0,0.452054794520548,0,0.0,0,0,0,1,0,0,0,0,0,0,0,0,1,0,0,0,0.0
0,0,0,0,0,1,0,0,0,0.6674418604651162,0.0,0.3301369863013699,0,0.0,0,0,0,1,0,0,0,0,0,0,0,0,1,0,0,0,0.0
0,0,0,0,0,0,1,0,0,0.6883720930232557,0.0,0.28767123287671237,0,0.0,0,0,0,1,0,0,0,0,0,0,0,0,1,0,0,0,0.0
1,1,0,0,0,0,0,1,0,0.5930232558139534,0.015779981965734897,0.7424657534246575,1,0.0,0,0,0,1,0,0,0,0,0,0,0,0,1,0,0,0,0.0
1,1,0,0,0,0,0,0,1,0.641860465116279,0.00045085662759242564,0.6520547945205479,1,0.0,0,0,0,1,0,0,0,0,0,0,0,0,1,0,0,0,0.0
0,0,1,0,0,0,0,0,0,0.6697674418604651,0.0,0.43698630136986294,0,0.0,0,0,0,1,0,0,0,0,0,0,0,0,1,0,0,0,0.0
0,0,0,1,0,0,0,0,0,0.6465116279069767,0.0,0.4301369863013699,0,0.0,0,0,0,1,0,0,0,0,0,0,0,0,1,0,0,0,0.0
0,0,0,0,1,0,0,0,0,0.586046511627907,0.0193868349864743,0.6986301369863015,0,0.0,0,0,0,1,0,0,0,0,0,0,0,0,1,0,0,0,0.0
0,0,0,0,0,1,0,0,0,0.627906976744186,0.0,0.5904109589041096,0,0.0,0,0,0,1,0,0,0,0,0,0,0,0,1,0,0,0,0.0
0,0,0,0,0,0,1,0,0,0.6790697674418604,0.0,0.5219178082191781,0,0.0,0,0,0,1,0,0,0,0,0,0,0,0,1,0,0,0,0.0
1,1,0,0,0,0,0,1,0,0.7,0.0,0.3410958904109589,1,0.0,0,0,0,1,0,0,0,0,0,0,0,0,1,0,0,0,0.0
1,1,0,0,0,0,0,0,1,0.7279069767441859,0.0,0.3506849315068493,1,0.0,0,0,0,1,0,0,0,0,0,0,0,0,1,0,0,0,0.0
0,0,1,0,0,0,0,0,0,0.6651162790697673,0.003606853020739405,0.6465753424657533,0,0.0,0,0,0,1,0,0,0,0,0,0,0,0,1,0,0,0,0.0
0,0,0,1,0,0,0,0,0,0.6511627906976745,0.0,0.6356164383561643,0,0.0,0,0,0,1,0,0,0,0,0,0,0,0,1,0,0,0,0.0
0,0,0,0,1,0,0,0,0,0.6488372093023256,0.0,0.3616438356164383,0,0.0,0,0,0,0,1,0,0,0,0,0,0,0,1,0,0,0,0.0
0,0,0,0,0,1,0,0,0,0.6604651162790698,0.0,0.3575342465753425,0,0.0,0,0,0,0,1,0,0,0,0,0,0,0,1,0,0,0,0.0
0,0,0,0,0,0,1,0,0,0.6930232558139534,0.0,0.28219178082191787,0,0.0,0,0,0,0,1,0,0,0,0,0,0,0,1,0,0,0,0.0
1,1,0,0,0,0,0,1,0,0.7558139534883721,0.0,0.3232876712328767,1,0.0,0,0,0,0,1,0,0,0,0,0,0,0,1,0,0,0,0.0
1,1,0,0,0,0,0,0,1,0.686046511627907,0.24977457168620376,0.9109589041095891,1,0.0,0,0,0,0,1,0,0,0,0,0,0,0,1,0,0,0,0.0
0,0,1,0,0,0,0,0,0,0.6,0.009017132551848512,0.8506849315068492,0,0.0,0,0,0,0,1,0,0,0,0,0,0,0,1,0,0,0,0.0
0,0,0,1,0,0,0,0,0,0.5651162790697675,0.06357078449053201,0.9095890410958904,0,0.0,0,0,0,0,1,0,0,0,0,0,0,0,1,0,0,0,0.0
0,0,0,0,1,0,0,0,0,0.6,0.008115419296663661,0.536986301369863,0,0.0,0,0,0,0,1,0,0,0,0,0,0,0,1,0,0,0,0.0
0,0,0,0,0,1,0,0,0,0.627906976744186,0.0,0.4246575342465754,0,0.0,0,0,0,0,1,0,0,0,0,0,0,0,1,0,0,0,0.0
0,0,0,0,0,0,1,0,0,0.6813953488372093,0.0,0.36575342465753424,0,0.0,0,0,0,0,1,0,0,0,0,0,0,0,1,0,0,0,0.0
1,1,0,0,0,0,0,1,0,0.7046511627906976,0.03832281334535618,0.6150684931506849,1,0.0,0,0,0,0,1,0,0,0,0,0,0,0,1,0,0,0,0.0
1,1,0,0,0,0,0,0,1,0.6511627906976745,0.013976555455365193,0.5082191780821917,1,0.0,0,0,0,0,1,0,0,0,0,0,0,0,1,0,0,0,0.0
0,0,1,0,0,0,0,0,0,0.6744186046511629,0.0,0.38630136986301367,0,0.0,0,0,0,0,1,0,0,0,0,0,0,0,1,0,0,0,0.0
0,0,0,1,0,0,0,0,0,0.6953488372093023,0.0,0.34383561643835614,0,0.0,0,0,0,0,1,0,0,0,0,0,0,0,1,0,0,0,0.0
0,0,0,0,1,0,0,0,0,0.5837209302325581,0.03922452660054102,0.6356164383561643,0,0.0,0,0,0,0,1,0,0,0,0,0,0,0,1,0,0,0,0.0
0,0,0,0,0,1,0,0,0,0.5953488372093023,0.013525698827772768,0.536986301369863,0,0.0,0,0,0,0,1,0,0,0,0,0,0,0,1,0,0,0,0.0
0,0,0,0,0,0,1,0,0,0.7116279069767442,0.0,0.3958904109589041,0,0.0,0,0,0,0,1,0,0,0,0,0,0,0,1,0,0,0,0.0
1,1,0,0,0,0,0,1,0,0.7395348837209301,0.0,0.4465753424657535,1,0.0,0,0,0,0,1,0,0,0,0,0,0,0,1,0,0,0,0.0
1,1,0,0,0,0,0,0,1,0.7674418604651163,0.0,0.46438356164383554,1,0.0,0,0,0,0,1,0,0,0,0,0,0,0,1,0,0,0,0.0
0,0,1,0,0,0,0,0,0,0.713953488372093,0.0,0.5904109589041096,0,0.0,0,0,0,0,1,0,0,0,0,0,0,0,1,0,0,0,0.0
0,0,0,1,0,0,0,0,0,0.741860465116279,0.0,0.6369863013698631,0,0.0,0,0,0,0,1,0,0,0,0,0,0,0,1,0,0,0,0.0
0,0,0,0,1,0,0,0,0,0.7651162790697674,0.0,0.6191780821917807,0,0.0,0,0,0,0,1,0,0,0,0,0,0,0,1,0,0,0,0.0
0,0,0,0,0,1,0,0,0,0.7813953488372093,0.0,0.5465753424657533,0,0.0,0,0,0,0,1,0,0,0,0,0,0,0,1,0,0,0,0.0
0,0,0,0,0,0,1,0,0,0.7581395348837209,0.0,0.6095890410958905,0,0.0,0,0,0,0,1,0,0,0,0,0,0,0,1,0,0,0,0.0
1,1,0,0,0,0,0,1,0,0.7162790697674418,0.0,0.4164383561643835,1,0.0,0,0,0,0,1,0,0,0,0,0,0,0,1,0,0,0,0.0
1,1,0,0,0,0,0,0,1,0.7395348837209301,0.13615870153291254,0.6794520547945206,1,0.0,0,0,0,0,1,0,0,0,0,0,0,0,1,0,0,0,0.0
0,0,1,0,0,0,0,0,0,0.6953488372093023,0.0,0.48082191780821915,0,0.0,0,0,0,0,1,0,0,0,0,0,0,0,1,0,0,0,0.0
0,0,0,1,0,0,0,0,0,0.7023255813953488,0.0,0.46849315068493147,0,0.0,0,0,0,0,1,0,0,0,0,0,0,0,1,0,0,0,0.0
0,0,0,0,1,0,0,0,0,0.7511627906976743,0.0,0.43698630136986294,0,0.0,0,0,0,0,1,0,0,0,0,0,0,0,1,0,0,0,0.0
0,0,0,0,0,1,0,0,0,0.7558139534883721,0.0,0.4657534246575342,0,0.0,0,0,0,0,1,0,0,0,0,0,0,0,1,0,0,0,0.0
0,0,0,0,0,0,1,0,0,0.7627906976744185,0.0,0.363013698630137,0,0.0,0,0,0,0,1,0,0,0,0,0,0,0,1,0,0,0,0.0
1,1,0,0,0,0,0,1,0,0.7302325581395348,0.0,0.46438356164383554,1,0.0,0,0,0,0,0,1,0,0,0,0,0,0,0,1,0,0,0.0
1,1,0,0,0,0,0,0,1,0.7325581395348837,0.0,0.4123287671232877,1,0.0,0,0,0,0,0,1,0,0,0,0,0,0,0,1,0,0,0.0
0,0,1,0,0,0,0,0,0,0.7488372093023256,0.0,0.4178082191780822,0,0.0,0,0,0,0,0,1,0,0,0,0,0,0,0,1,0,0,0.0
0,0,0,1,0,0,0,0,0,0.7674418604651163,0.0,0.34383561643835614,0,0.0,0,0,0,0,0,1,0,0,0,0,0,0,0,1,0,0,0.0
0,0,0,0,1,0,0,0,0,0.7883720930232558,0.0,0.489041095890411,0,0.0,0,0,0,0,0,1,0,0,0,0,0,0,0,1,0,0,0.0
1,0,0,0,0,1,0,0,0,0.7953488372093023,0.0,0.4465753424657535,1,0.0,0,0,0,0,0,1,0,0,0,0,0,0,0,1,0,0,0.0
0,0,0,0,0,0,1,0,0,0.7953488372093023,0.0,0.4438356164383561,0,0.0,0,0,0,0,0,1,0,0,0,0,0,0,0,1,0,0,0.0
1,1,0,0,0,0,0,1,0,0.741860465116279,0.021190261496844005,0.8095890410958904,1,0.0,0,0,0,0,0,1,0,0,0,0,0,0,0,1,0,0,0.0
1,1,0,0,0,0,0,0,1,0.8209302325581395,0.0,0.5753424657534247,1,0.0,0,0,0,0,0,1,0,0,0,0,0,0,0,1,0,0,0.0
0,0,1,0,0,0,0,0,0,0.8395348837209302,0.0,0.48630136986301364,0,0.0,0,0,0,0,0,1,0,0,0,0,0,0,0,1,0,0,0.0
0,0,0,1,0,0,0,0,0,0.8651162790697674,0.0,0.4164383561643835,0,0.0,0,0,0,0,0,1,0,0,0,0,0,0,0,1,0,0,0.0
0,0,0,0,1,0,0,0,0,0.8534883720930232,0.0,0.3342465753424657,0,0.0,0,0,0,0,0,1,0,0,0,0,0,0,0,1,0,0,0.0
0,0,0,0,0,1,0,0,0,0.8674418604651162,0.0,0.2863013698630137,0,0.0,0,0,0,0,0,1,0,0,0,0,0,0,0,1,0,0,0.0
0,0,0,0,0,0,1,0,0,0.8837209302325582,0.0,0.3904109589041096,0,0.0,0,0,0,0,0,1,0,0,0,0,0,0,0,1,0,0,0.0
1,1,0,0,0,0,0,1,0,0.8302325581395349,0.012623985572587915,0.6767123287671233,1,0.0,0,0,0,0,0,1,0,0,0,0,0,0,0,1,0,0,0.0
1,1,0,0,0,0,0,0,1,0.8325581395348837,0.0,0.4794520547945206,1,0.0,0,0,0,0,0,1,0,0,0,0,0,0,0,1,0,0,0.0
0,0,1,0,0,0,0,0,0,0.8093023255813953,0.0,0.4794520547945206,0,0.0,0,0,0,0,0,1,0,0,0,0,0,0,0,1,0,0,0.0
0,0,0,1,0,0,0,0,0,0.8558139534883721,0.0,0.39315068493150684,0,0.0,0,0,0,0,0,1,0,0,0,0,0,0,0,1,0,0,0.0
0,0,0,0,1,0,0,0,0,0.9046511627906977,0.0,0.3410958904109589,0,0.0,0,0,0,0,0,1,0,0,0,0,0,0,0,1,0,0,0.0
0,0,0,0,0,1,0,0,0,0.8627906976744185,0.0,0.3342465753424657,0,0.0,0,0,0,0,0,1,0,0,0,0,0,0,0,1,0,0,0.0
0,0,0,0,0,0,1,0,0,0.8790697674418604,0.0,0.42602739726027394,0,0.0,0,0,0,0,0,1,0,0,0,0,0,0,0,1,0,0,0.0
1,1,0,0,0,0,0,1,0,0.8116279069767441,0.05951307484220018,0.8958904109589041,1,0.0,0,0,0,0,0,1,0,0,0,0,0,0,0,1,0,0,0.0
1,1,0,0,0,0,0,0,1,0.827906976744186,0.004959422903516682,0.8136986301369862,1,0.0,0,0,0,0,0,1,0,0,0,0,0,0,0,1,0,0,0.0
0,0,1,0,0,0,0,0,0,0.8534883720930232,0.0,0.5753424657534247,0,0.0,0,0,0,0,0,1,0,0,0,0,0,0,0,1,0,0,0.0
0,0,0,1,0,0,0,0,0,0.7976744186046512,0.0,0.49589041095890407,0,0.0,0,0,0,0,0,1,0,0,0,0,0,0,0,1,0,0,0.0
0,0,0,0,1,0,0,0,0,0.8302325581395349,0.0,0.49589041095890407,0,0.0,0,0,0,0,0,1,0,0,0,0,0,0,0,1,0,0,0.0
0,0,0,0,0,1,0,0,0,0.8162790697674418,0.0,0.5356164383561643,0,0.0,0,0,0,0,0,1,0,0,0,0,0,0,0,1,0,0,0.0
0,0,0,0,0,0,1,0,0,0.8627906976744185,0.0,0.4671232876712329,0,0.0,0,0,0,0,0,1,0,0,0,0,0,0,0,1,0,0,0.0
1,1,0,0,0,0,0,1,0,0.8534883720930232,0.20333633904418394,0.6876712328767123,1,0.0,0,0,0,0,0,1,0,0,0,0,0,0,0,1,0,0,0.0
1,1,0,0,0,0,0,0,1,0.827906976744186,0.045085662759242556,0.8821917808219177,1,0.0,0,0,0,0,0,1,0,0,0,0,0,0,0,1,0,0,0.0
0,0,1,0,0,0,0,0,0,0.8744186046511627,0.0,0.6575342465753425,0,0.0,0,0,0,0,0,0,1,0,0,0,0,0,0,1,0,0,0.0
0,0,0,1,0,0,0,0,0,0.8232558139534883,0.25698827772768257,0.9054794520547944,0,0.0,0,0,0,0,0,0,1,0,0,0,0,0,0,1,0,0,0.0
0,0,0,0,1,0,0,0,0,0.8627906976744185,0.14382326420198377,0.758904109589041,0,0.0,0,0,0,0,0,0,1,0,0,0,0,0,0,1,0,0,0.0
0,0,0,0,0,1,0,0,0,0.9186046511627907,0.0,0.6095890410958905,0,0.0,0,0,0,0,0,0,1,0,0,0,0,0,0,1,0,0,0.0
0,0,0,0,0,0,1,0,0,0.8651162790697674,0.0175834084761046,0.6246575342465753,0,0.0,0,0,0,0,0,0,1,0,0,0,0,0,0,1,0,0,0.0
1,1,0,0,0,0,0,1,0,0.9046511627906977,0.00045085662759242564,0.6863013698630136,1,0.0,0,0,0,0,0,0,1,0,0,0,0,0,0,1,0,0,0.0
1,1,0,0,0,0,0,0,1,0.8581395348837209,0.16321009918845808,0.9205479452054794,1,0.0,0,0,0,0,0,0,1,0,0,0,0,0,0,1,0,0,0.0
0,0,1,0,0,0,0,0,0,0.8209302325581395,0.6199278629395852,0.9890410958904108,0,0.0,0,0,0,0,0,0,1,0,0,0,0,0,0,1,0,0,0.0
0,0,0,1,0,0,0,0,0,0.8023255813953488,0.06898106402164111,0.9616438356164383,0,0.0,0,0,0,0,0,0,1,0,0,0,0,0,0,1,0,0,0.0
0,0,0,0,1,0,0,0,0,0.8093023255813953,0.39945897204688907,0.8958904109589041,0,0.0,0,0,0,0,0,0,1,0,0,0,0,0,0,1,0,0,0.0
0,0,0,0,0,1,0,0,0,0.8325581395348837,0.010820559062218214,0.8273972602739725,0,0.0,0,0,0,0,0,0,1,0,0,0,0,0,0,1,0,0,0.0
0,0,0,0,0,0,1,0,0,0.8697674418604651,0.0,0.7205479452054795,0,0.0,0,0,0,0,0,0,1,0,0,0,0,0,0,1,0,0,0.0
1,1,0,0,0,0,0,1,0,0.8767441860465116,0.022091974752028856,0.7,1,0.0,0,0,0,0,0,0,1,0,0,0,0,0,0,1,0,0,0.0
1,1,0,0,0,0,0,0,1,0.8744186046511627,0.0,0.7054794520547947,1,0.0,0,0,0,0,0,0,1,0,0,0,0,0,0,1,0,0,0.0
0,0,1,0,0,0,0,0,0,0.8837209302325582,0.0009017132551848513,0.7191780821917808,0,0.0,0,0,0,0,0,0,1,0,0,0,0,0,0,1,0,0,0.0
0,0,0,1,0,0,0,0,0,0.8372093023255814,0.20559062218214608,0.8890410958904109,0,0.0,0,0,0,0,0,0,1,0,0,0,0,0,0,1,0,0,0.0
0,0,0,0,1,0,0,0,0,0.8860465116279069,0.003606853020739405,0.7821917808219179,0,0.0,0,0,0,0,0,0,1,0,0,0,0,0,0,1,0,0,0.0
0,0,0,0,0,1,0,0,0,0.8674418604651162,0.12984670874661858,0.821917808219178,0,0.0,0,0,0,0,0,0,1,0,0,0,0,0,0,1,0,0,0.0
0,0,0,0,0,0,1,0,0,0.8488372093023255,0.006311992786293958,0.8821917808219177,0,0.0,0,0,0,0,0,0,1,0,0,0,0,0,0,1,0,0,0.0
1,1,0,0,0,0,0,1,0,0.8697674418604651,0.06853020739404869,0.8575342465753424,1,0.0,0,0,0,0,0,0,1,0,0,0,0,0,0,1,0,0,0.0
1,1,0,0,0,0,0,0,1,0.9116279069767442,0.006762849413886384,0.7520547945205478,1,0.0,0,0,0,0,0,0,1,0,0,0,0,0,0,1,0,0,0.0
0,0,1,0,0,0,0,0,0,0.9372093023255813,0.0,0.6630136986301369,0,0.0,0,0,0,0,0,0,1,0,0,0,0,0,0,1,0,0,0.0
0,0,0,1,0,0,0,0,0,0.8976744186046511,0.0175834084761046,0.806849315068493,0,0.0,0,0,0,0,0,0,1,0,0,0,0,0,0,1,0,0,0.0
0,0,0,0,1,0,0,0,0,0.9302325581395349,0.011271415689810639,0.7520547945205478,0,0.0,0,0,0,0,0,0,1,0,0,0,0,0,0,1,0,0,0.0
0,0,0,0,0,1,0,0,0,0.9186046511627907,0.00045085662759242564,0.7753424657534247,0,0.0,0,0,0,0,0,0,1,0,0,0,0,0,0,1,0,0,0.0
0,0,0,0,0,0,1,0,0,0.9255813953488371,0.005861136158701533,0.7767123287671232,0,0.0,0,0,0,0,0,0,1,0,0,0,0,0,0,1,0,0,0.0
1,1,0,0,0,0,0,1,0,0.9209302325581394,0.027051397655545536,0.810958904109589,1,0.0,0,0,0,0,0,0,1,0,0,0,0,0,0,1,0,0,0.0
1,1,0,0,0,0,0,0,1,0.9558139534883721,0.0,0.6493150684931507,1,0.0,0,0,0,0,0,0,1,0,0,0,0,0,0,1,0,0,0.0
0,0,1,0,0,0,0,0,0,0.9302325581395349,0.0,0.6767123287671233,0,0.0,0,0,0,0,0,0,1,0,0,0,0,0,0,1,0,0,0.0
0,0,0,1,0,0,0,0,0,0.9325581395348836,0.0,0.6712328767123288,0,0.0,0,0,0,0,0,0,1,0,0,0,0,0,0,1,0,0,0.0
0,0,0,0,1,0,0,0,0,0.9511627906976744,0.0,0.6794520547945206,0,0.0,0,0,0,0,0,0,1,0,0,0,0,0,0,1,0,0,0.0
0,0,0,0,0,1,0,0,0,0.9627906976744186,0.0,0.6657534246575343,0,0.0,0,0,0,0,0,0,0,1,0,0,0,0,0,1,0,0,0.0
0,0,0,0,0,0,1,0,0,0.9697674418604652,0.0,0.7068493150684931,0,0.0,0,0,0,0,0,0,0,1,0,0,0,0,0,1,0,0,0.0
1,1,0,0,0,0,0,1,0,0.9790697674418605,0.0,0.6863013698630136,1,0.0,0,0,0,0,0,0,0,1,0,0,0,0,0,1,0,0,0.0
1,1,0,0,0,0,0,0,1,0.9418604651162791,0.0040577096483318306,0.7630136986301368,1,0.0,0,0,0,0,0,0,0,1,0,0,0,0,0,1,0,0,0.0
0,0,1,0,0,0,0,0,0,0.9023255813953488,0.15464382326420198,0.8589041095890411,0,0.0,0,0,0,0,0,0,0,1,0,0,0,0,0,1,0,0,0.0
0,0,0,1,0,0,0,0,0,0.9302325581395349,0.0,0.7342465753424656,0,0.0,0,0,0,0,0,0,0,1,0,0,0,0,0,1,0,0,0.0
0,0,0,0,1,0,0,0,0,0.9372093023255813,0.004508566275924256,0.7383561643835617,0,0.0,0,0,0,0,0,0,0,1,0,0,0,0,0,1,0,0,0.0
0,0,0,0,0,1,0,0,0,0.9,0.0,0.7876712328767124,0,0.0,0,0,0,0,0,0,0,1,0,0,0,0,0,1,0,0,0.0
0,0,0,0,0,0,1,0,0,0.9255813953488371,0.0,0.6876712328767123,0,0.0,0,0,0,0,0,0,0,1,0,0,0,0,0,1,0,0,0.0
1,1,0,0,0,0,0,1,0,0.9325581395348836,0.0,0.7136986301369863,1,0.0,0,0,0,0,0,0,0,1,0,0,0,0,0,1,0,0,0.0
1,1,0,0,0,0,0,0,1,0.9534883720930233,0.0,0.6589041095890411,1,0.0,0,0,0,0,0,0,0,1,0,0,0,0,0,1,0,0,0.0
0,0,1,0,0,0,0,0,0,0.9744186046511628,0.0,0.6520547945205479,0,0.0,0,0,0,0,0,0,0,1,0,0,0,0,0,1,0,0,0.0
0,0,0,1,0,0,0,0,0,0.9441860465116279,0.08701532912533815,0.6397260273972601,0,0.0,0,0,0,0,0,0,0,1,0,0,0,0,0,1,0,0,0.0
0,0,0,0,1,0,0,0,0,0.9511627906976744,0.0,0.5465753424657533,0,0.0,0,0,0,0,0,0,0,1,0,0,0,0,0,1,0,0,0.0
1,0,0,0,0,1,0,0,0,0.9511627906976744,0.0,0.5753424657534247,1,0.0,0,0,0,0,0,0,0,1,0,0,0,0,0,1,0,0,0.0
0,0,0,0,0,0,1,0,0,0.9558139534883721,0.0,0.5712328767123287,0,0.0,0,0,0,0,0,0,0,1,0,0,0,0,0,1,0,0,0.0
1,1,0,0,0,0,0,1,0,0.9511627906976744,0.0,0.5835616438356164,1,0.0,0,0,0,0,0,0,0,1,0,0,0,0,0,1,0,0,0.0
1,1,0,0,0,0,0,0,1,0.9511627906976744,0.0,0.6054794520547945,1,0.0,0,0,0,0,0,0,0,1,0,0,0,0,0,1,0,0,0.0
0,0,1,0,0,0,0,0,0,0.9604651162790697,0.00045085662759242564,0.5986301369863013,0,0.0,0,0,0,0,0,0,0,1,0,0,0,0,0,1,0,0,0.0
0,0,0,1,0,0,0,0,0,0.9558139534883721,0.07664562669071236,0.7287671232876711,0,0.0,0,0,0,0,0,0,0,1,0,0,0,0,0,1,0,0,0.0
0,0,0,0,1,0,0,0,0,0.9302325581395349,0.017132551848512173,0.8095890410958904,0,0.0,0,0,0,0,0,0,0,1,0,0,0,0,0,1,0,0,0.0
0,0,0,0,0,1,0,0,0,0.927906976744186,0.002254283137962128,0.7356164383561643,0,0.0,0,0,0,0,0,0,0,1,0,0,0,0,0,1,0,0,0.0
0,0,0,0,0,0,1,0,0,0.9232558139534883,0.0,0.7068493150684931,0,0.0,0,0,0,0,0,0,0,1,0,0,0,0,0,1,0,0,0.0
1,1,0,0,0,0,0,1,0,0.9186046511627907,0.03065825067628494,0.7520547945205478,1,0.0,0,0,0,0,0,0,0,1,0,0,0,0,0,1,0,0,0.0
1,1,0,0,0,0,0,0,1,0.9162790697674419,0.002254283137962128,0.7547945205479452,1,0.0,0,0,0,0,0,0,0,1,0,0,0,0,0,1,0,0,0.0
0,0,1,0,0,0,0,0,0,0.913953488372093,0.0,0.7835616438356163,0,0.0,0,0,0,0,0,0,0,1,0,0,0,0,0,1,0,0,0.0
0,0,0,1,0,0,0,0,0,0.8767441860465116,0.00045085662759242564,0.806849315068493,0,0.0,0,0,0,0,0,0,0,1,0,0,0,0,0,1,0,0,0.0
0,0,0,0,1,0,0,0,0,0.8930232558139535,0.0,0.5876712328767123,0,0.0,0,0,0,0,0,0,0,1,0,0,0,0,0,1,0,0,0.0
0,0,0,0,0,1,0,0,0,0.8930232558139535,0.013525698827772768,0.6260273972602739,0,0.0,0,0,0,0,0,0,0,1,0,0,0,0,0,1,0,0,0.0
0,0,0,0,0,0,1,0,0,0.9,0.0,0.6232876712328768,0,0.0,0,0,0,0,0,0,0,1,0,0,0,0,0,1,0,0,0.0
1,1,0,0,0,0,0,1,0,0.8837209302325582,0.0,0.6287671232876711,1,0.0,0,0,0,0,0,0,0,1,0,0,0,0,0,1,0,0,0.0
1,1,0,0,0,0,0,0,1,0.8906976744186046,0.0,0.6123287671232875,1,0.0,0,0,0,0,0,0,0,0,1,0,0,0,0,0,1,0,0.0
0,0,1,0,0,0,0,0,0,0.8418604651162791,0.0,0.6931506849315068,0,0.0,0,0,0,0,0,0,0,0,1,0,0,0,0,0,1,0,0.0
0,0,0,1,0,0,0,0,0,0.8953488372093024,0.0,0.5054794520547945,0,0.0,0,0,0,0,0,0,0,0,1,0,0,0,0,0,1,0,0.0
0,0,0,0,1,0,0,0,0,0.8883720930232558,0.0,0.4575342465753425,0,0.0,0,0,0,0,0,0,0,0,1,0,0,0,0,0,1,0,0.0
0,0,0,0,0,1,0,0,0,0.8976744186046511,0.0,0.6287671232876711,0,0.0,0,0,0,0,0,0,0,0,1,0,0,0,0,0,1,0,0.0
0,0,0,0,0,0,1,0,0,0.8604651162790697,0.002254283137962128,0.7972602739726027,0,0.0,0,0,0,0,0,0,0,0,1,0,0,0,0,0,1,0,0.0
1,1,0,0,0,0,0,1,0,0.8837209302325582,0.0,0.7054794520547947,1,0.0,0,0,0,0,0,0,0,0,1,0,0,0,0,0,1,0,0.0
1,1,0,0,0,0,0,0,1,0.9069767441860466,0.0,0.5904109589041096,1,0.0,0,0,0,0,0,0,0,0,1,0,0,0,0,0,1,0,0.0
0,0,1,0,0,0,0,0,0,0.9395348837209302,0.0,0.5958904109589042,0,0.0,0,0,0,0,0,0,0,0,1,0,0,0,0,0,1,0,0.0
0,0,0,1,0,0,0,0,0,0.9511627906976744,0.0,0.5260273972602739,0,0.0,0,0,0,0,0,0,0,0,1,0,0,0,0,0,1,0,0.0
0,0,0,0,1,0,0,0,0,0.9186046511627907,0.09558160504959422,0.758904109589041,0,0.0,0,0,0,0,0,0,0,0,1,0,0,0,0,0,1,0,0.0
0,0,0,0,0,1,0,0,0,0.8813953488372093,0.01848512173128945,0.8972602739726028,0,0.0,0,0,0,0,0,0,0,0,1,0,0,0,0,0,1,0,0.0
0,0,0,0,0,0,1,0,0,0.9162790697674419,0.0,0.7205479452054795,0,0.0,0,0,0,0,0,0,0,0,1,0,0,0,0,0,1,0,0.0
1,1,0,0,0,0,0,1,0,0.9348837209302325,0.0,0.6849315068493151,1,0.0,0,0,0,0,0,0,0,0,1,0,0,0,0,0,1,0,0.0
1,1,0,0,0,0,0,0,1,0.9465116279069767,0.0,0.6287671232876711,1,0.0,0,0,0,0,0,0,0,0,1,0,0,0,0,0,1,0,0.0
1,0,1,0,0,0,0,0,0,0.9162790697674419,0.0,0.6301369863013699,1,0.0,0,0,0,0,0,0,0,0,1,0,0,0,0,0,1,0,0.0
1,0,0,1,0,0,0,0,0,0.9558139534883721,0.0,0.6520547945205479,1,0.0,0,0,0,0,0,0,0,0,1,0,0,0,0,0,1,0,0.0
1,0,0,0,1,0,0,0,0,0.9209302325581394,0.009017132551848512,0.7863013698630137,1,0.0,0,0,0,0,0,0,0,0,1,0,0,0,0,0,1,0,0.0
0,0,0,0,0,1,0,0,0,0.927906976744186,0.0,0.7068493150684931,0,0.0,0,0,0,0,0,0,0,0,1,0,0,0,0,0,1,0,0.0
0,0,0,0,0,0,1,0,0,0.8581395348837209,0.20559062218214608,0.9465753424657535,0,0.0,0,0,0,0,0,0,0,0,1,0,0,0,0,0,1,0,0.0
1,1,0,0,0,0,0,1,0,0.7627906976744185,0.5915238954012624,0.9794520547945207,1,0.0,0,0,0,0,0,0,0,0,1,0,0,0,0,0,1,0,0.0
1,1,0,0,0,0,0,0,1,0.7604651162790698,0.0,0.6945205479452055,1,0.0,0,0,0,0,0,0,0,0,1,0,0,0,0,0,1,0,0.0
0,0,1,0,0,0,0,0,0,0.7534883720930232,0.0,0.4821917808219178,0,0.0,0,0,0,0,0,0,0,0,1,0,0,0,0,0,1,0,0.0
0,0,0,1,0,0,0,0,0,0.7511627906976743,0.0,0.5465753424657533,0,0.0,0,0,0,0,0,0,0,0,1,0,0,0,0,0,1,0,0.0
0,0,0,0,1,0,0,0,0,0.8046511627906976,0.0,0.6520547945205479,0,0.0,0,0,0,0,0,0,0,0,1,0,0,0,0,0,1,0,0.0
0,0,0,0,0,1,0,0,0,0.8255813953488372,0.0,0.6835616438356165,0,0.0,0,0,0,0,0,0,0,0,1,0,0,0,0,0,1,0,0.0
0,0,0,0,0,0,1,0,0,0.7999999999999999,0.0,0.6630136986301369,0,0.0,0,0,0,0,0,0,0,0,1,0,0,0,0,0,1,0,0.0
1,1,0,0,0,0,0,1,0,0.7930232558139535,0.0,0.6506849315068494,1,0.0,0,0,0,0,0,0,0,0,1,0,0,0,0,0,1,0,0.0
1,1,0,0,0,0,0,0,1,0.7953488372093023,0.0,0.5479452054794521,1,0.0,0,0,0,0,0,0,0,0,1,0,0,0,0,0,1,0,0.0
0,0,1,0,0,0,0,0,0,0.7534883720930232,0.0,0.5506849315068493,0,0.0,0,0,0,0,0,0,0,0,1,0,0,0,0,0,1,0,0.0
0,0,0,1,0,0,0,0,0,0.6604651162790698,0.009017132551848512,0.7753424657534247,0,0.0,0,0,0,0,0,0,0,0,0,1,0,0,0,0,1,0,0.0
0,0,0,0,1,0,0,0,0,0.6116279069767442,0.0,0.4821917808219178,0,0.0,0,0,0,0,0,0,0,0,0,1,0,0,0,0,1,0,0.0
1,0,0,0,0,1,0,0,0,0.5651162790697675,0.018034265103697024,0.8616438356164382,1,0.0,0,0,0,0,0,0,0,0,0,1,0,0,0,0,1,0,0.0
0,0,0,0,0,0,1,0,0,0.641860465116279,0.0,0.7684931506849315,0,0.0,0,0,0,0,0,0,0,0,0,1,0,0,0,0,1,0,0.0
1,1,0,0,0,0,0,1,0,0.6651162790697673,0.0,0.6808219178082191,1,0.0,0,0,0,0,0,0,0,0,0,1,0,0,0,0,1,0,0.0
1,1,0,0,0,0,0,0,1,0.6511627906976745,0.0009017132551848513,0.8712328767123287,1,0.0,0,0,0,0,0,0,0,0,0,1,0,0,0,0,1,0,0.0
0,0,1,0,0,0,0,0,0,0.6604651162790698,0.010369702434625788,0.8342465753424657,0,0.0,0,0,0,0,0,0,0,0,0,1,0,0,0,0,1,0,0.0
0,0,0,1,0,0,0,0,0,0.6534883720930232,0.0,0.7863013698630137,0,0.0,0,0,0,0,0,0,0,0,0,1,0,0,0,0,1,0,0.0
0,0,0,0,1,0,0,0,0,0.6953488372093023,0.0,0.6301369863013699,0,0.0,0,0,0,0,0,0,0,0,0,1,0,0,0,0,1,0,0.0
0,0,0,0,0,1,0,0,0,0.6767441860465115,0.0,0.6575342465753425,0,0.0,0,0,0,0,0,0,0,0,0,1,0,0,0,0,1,0,0.0
0,0,0,0,0,0,1,0,0,0.6744186046511629,0.0,0.7054794520547947,0,0.0,0,0,0,0,0,0,0,0,0,1,0,0,0,0,1,0,0.0
1,1,0,0,0,0,0,1,0,0.6651162790697673,0.0,0.6698630136986301,1,0.0,0,0,0,0,0,0,0,0,0,1,0,0,0,0,1,0,0.0
1,1,0,0,0,0,0,0,1,0.6767441860465115,0.0,0.6767123287671233,1,0.0,0,0,0,0,0,0,0,0,0,1,0,0,0,0,1,0,0.0
0,0,1,0,0,0,0,0,0,0.6767441860465115,0.03742110009017133,0.9191780821917808,0,0.0,0,0,0,0,0,0,0,0,0,1,0,0,0,0,1,0,0.0
0,0,0,1,0,0,0,0,0,0.6906976744186046,0.15103697024346258,0.9931506849315068,0,0.0,0,0,0,0,0,0,0,0,0,1,0,0,0,0,1,0,0.0
0,0,0,0,1,0,0,0,0,0.7046511627906976,0.0,0.8506849315068492,0,0.0,0,0,0,0,0,0,0,0,0,1,0,0,0,0,1,0,0.0
0,0,0,0,0,1,0,0,0,0.7093023255813953,0.0,0.7424657534246575,0,0.0,0,0,0,0,0,0,0,0,0,1,0,0,0,0,1,0,0.0
0,0,0,0,0,0,1,0,0,0.7302325581395348,0.18755635707844906,0.8904109589041096,0,0.0,0,0,0,0,0,0,0,0,0,1,0,0,0,0,1,0,0.0
1,1,0,0,0,0,0,1,0,0.6744186046511629,0.008566275924256087,0.821917808219178,1,0.0,0,0,0,0,0,0,0,0,0,1,0,0,0,0,1,0,0.0
1,1,0,0,0,0,0,0,1,0.5744186046511628,0.0,0.49589041095890407,1,0.0,0,0,0,0,0,0,0,0,0,1,0,0,0,0,1,0,0.0
0,0,1,0,0,0,0,0,0,0.5883720930232559,0.0018034265103697026,0.8301369863013699,0,0.0,0,0,0,0,0,0,0,0,0,1,0,0,0,0,1,0,0.0
0,0,0,1,0,0,0,0,0,0.6511627906976745,0.059062218214607755,1.0,0,0.0,0,0,0,0,0,0,0,0,0,1,0,0,0,0,1,0,0.0
0,0,0,0,1,0,0,0,0,0.5837209302325581,0.005410279531109107,0.6561643835616437,0,0.0,0,0,0,0,0,0,0,0,0,1,0,0,0,0,1,0,0.0
0,0,0,0,0,1,0,0,0,0.5441860465116279,0.0,0.7068493150684931,0,0.0,0,0,0,0,0,0,0,0,0,1,0,0,0,0,1,0,0.0
0,0,0,0,0,0,1,0,0,0.6023255813953488,0.0,0.7342465753424656,0,0.0,0,0,0,0,0,0,0,0,0,1,0,0,0,0,1,0,0.0
1,1,0,0,0,0,0,1,0,0.6651162790697673,0.0,0.6849315068493151,1,0.0,0,0,0,0,0,0,0,0,0,1,0,0,0,0,1,0,0.0
1,1,0,0,0,0,0,0,1,0.6186046511627907,0.003155996393146979,0.8493150684931507,1,0.0,0,0,0,0,0,0,0,0,0,1,0,0,0,0,1,0,0.0
0,0,1,0,0,0,0,0,0,0.6093023255813954,0.0,0.7794520547945205,0,0.0,0,0,0,0,0,0,0,0,0,1,0,0,0,0,1,0,0.0
0,0,0,1,0,0,0,0,0,0.6116279069767442,0.0,0.6315068493150685,0,0.0,0,0,0,0,0,0,0,0,0,1,0,0,0,0,1,0,0.0
0,0,0,0,1,0,0,0,0,0.6069767441860465,0.0,0.7178082191780821,0,0.0,0,0,0,0,0,0,0,0,0,1,0,0,0,0,1,0,0.0
0,0,0,0,0,1,0,0,0,0.6023255813953488,0.0,0.7013698630136986,0,0.0,0,0,0,0,0,0,0,0,0,1,0,0,0,0,1,0,0.0
0,0,0,0,0,0,1,0,0,0.5744186046511628,0.00721370604147881,0.8726027397260272,0,0.0,0,0,0,0,0,0,0,0,0,0,1,0,0,0,1,0,0.0
1,1,0,0,0,0,0,1,0,0.6581395348837209,0.00045085662759242564,0.7328767123287672,1,0.0,0,0,0,0,0,0,0,0,0,0,1,0,0,0,1,0,0.0
1,1,0,0,0,0,0,0,1,0.641860465116279,0.0,0.7123287671232876,1,0.0,0,0,0,0,0,0,0,0,0,0,1,0,0,0,1,0,0.0
0,0,1,0,0,0,0,0,0,0.6023255813953488,0.0,0.6150684931506849,0,0.0,0,0,0,0,0,0,0,0,0,0,1,0,0,0,1,0,0.0
0,0,0,1,0,0,0,0,0,0.49302325581395345,0.0,0.4383561643835616,0,0.0,0,0,0,0,0,0,0,0,0,0,1,0,0,0,1,0,0.0
0,0,0,0,1,0,0,0,0,0.43488372093023253,0.0,0.4178082191780822,0,0.0,0,0,0,0,0,0,0,0,0,0,1,0,0,0,1,0,0.0
0,0,0,0,0,1,0,0,0,0.44418604651162785,0.0,0.5821917808219179,0,0.0,0,0,0,0,0,0,0,0,0,0,1,0,0,0,1,0,0.0
0,0,0,0,0,0,1,0,0,0.5093023255813953,0.0,0.6657534246575343,0,0.0,0,0,0,0,0,0,0,0,0,0,1,0,0,0,1,0,0.0
1,1,0,0,0,0,0,1,0,0.5534883720930233,0.0,0.7191780821917808,1,0.0,0,0,0,0,0,0,0,0,0,0,1,0,0,0,1,0,0.0
1,1,0,0,0,0,0,0,1,0.5744186046511628,0.0,0.7342465753424656,1,0.0,0,0,0,0,0,0,0,0,0,0,1,0,0,0,1,0,0.0
0,0,1,0,0,0,0,0,0,0.5744186046511628,0.0,0.6904109589041096,0,0.0,0,0,0,0,0,0,0,0,0,0,1,0,0,0,1,0,0.0
0,0,0,1,0,0,0,0,0,0.5837209302325581,0.0,0.5904109589041096,0,0.0,0,0,0,0,0,0,0,0,0,0,1,0,0,0,1,0,0.0
0,0,0,0,1,0,0,0,0,0.569767441860465,0.0,0.6506849315068494,0,0.0,0,0,0,0,0,0,0,0,0,0,1,0,0,0,1,0,0.0
0,0,0,0,0,1,0,0,0,0.586046511627907,0.00045085662759242564,0.7397260273972603,0,0.0,0,0,0,0,0,0,0,0,0,0,1,0,0,0,1,0,0.0
0,0,0,0,0,0,1,0,0,0.6093023255813954,0.02479711451758341,0.7424657534246575,0,0.0,0,0,0,0,0,0,0,0,0,0,1,0,0,0,1,0,0.0
1,1,0,0,0,0,0,1,0,0.655813953488372,0.00045085662759242564,0.6849315068493151,1,0.0,0,0,0,0,0,0,0,0,0,0,1,0,0,0,1,0,0.0
1,1,0,0,0,0,0,0,1,0.4767441860465116,0.0,0.3726027397260274,1,0.0,0,0,0,0,0,0,0,0,0,0,1,0,0,0,1,0,0.0
0,0,1,0,0,0,0,0,0,0.3255813953488372,0.0,0.136986301369863,0,0.0,0,0,0,0,0,0,0,0,0,0,1,0,0,0,1,0,0.0
0,0,0,1,0,0,0,0,0,0.39069767441860465,0.0,0.4780821917808219,0,0.0,0,0,0,0,0,0,0,0,0,0,1,0,0,0,1,0,0.0
0,0,0,0,1,0,0,0,0,0.42093023255813955,0.0,0.5835616438356164,0,0.0,0,0,0,0,0,0,0,0,0,0,1,0,0,0,1,0,0.0
0,0,0,0,0,1,0,0,0,0.49302325581395345,0.0,0.6164383561643836,0,0.0,0,0,0,0,0,0,0,0,0,0,1,0,0,0,1,0,0.0
0,0,0,0,0,0,1,0,0,0.4325581395348837,0.0,0.4068493150684932,0,0.0,0,0,0,0,0,0,0,0,0,0,1,0,0,0,1,0,0.0
1,1,0,0,0,0,0,1,0,0.3883720930232558,0.0,0.5150684931506849,1,0.0,0,0,0,0,0,0,0,0,0,0,1,0,0,0,1,0,0.0
1,1,0,0,0,0,0,0,1,0.41860465116279066,0.0,0.5835616438356164,1,0.0,0,0,0,0,0,0,0,0,0,0,1,0,0,0,1,0,0.0
0,0,1,0,0,0,0,0,0,0.4906976744186046,0.0013525698827772767,0.5808219178082191,0,0.0,0,0,0,0,0,0,0,0,0,0,1,0,0,0,1,0,0.0
0,0,0,1,0,0,0,0,0,0.4418604651162791,0.0811541929666366,0.6575342465753425,0,0.0,0,0,0,0,0,0,0,0,0,0,1,0,0,0,1,0,0.0
0,0,0,0,1,0,0,0,0,0.3186046511627907,0.017132551848512173,0.7,0,0.0,0,0,0,0,0,0,0,0,0,0,1,0,0,0,1,0,0.0
0,0,0,0,0,1,0,0,0,0.3395348837209302,0.021190261496844005,0.7561643835616438,0,0.0,0,0,0,0,0,0,0,0,0,0,1,0,0,0,1,0,0.0
0,0,0,0,0,0,1,0,0,0.31627906976744186,0.0018034265103697026,0.7767123287671232,0,0.0,0,0,0,0,0,0,0,0,0,0,1,0,0,0,1,0,0.0
1,1,0,0,0,0,0,1,0,0.3883720930232558,0.0,0.6698630136986301,1,0.0,0,0,0,0,0,0,0,0,0,0,1,0,0,0,1,0,0.0
1,1,0,0,0,0,0,0,1,0.4418604651162791,0.0,0.7616438356164383,1,0.0,0,0,0,0,0,0,0,0,0,0,0,1,0,0,0,1,0.0
0,0,1,0,0,0,0,0,0,0.45813953488372094,0.0,0.7013698630136986,0,0.0,0,0,0,0,0,0,0,0,0,0,0,1,0,0,0,1,0.0
0,0,0,1,0,0,0,0,0,0.313953488372093,0.0,0.3301369863013699,0,0.0,0,0,0,0,0,0,0,0,0,0,0,1,0,0,0,1,0.0
0,0,0,0,1,0,0,0,0,0.34883720930232553,0.0,0.3301369863013699,0,0.0,0,0,0,0,0,0,0,0,0,0,0,1,0,0,0,1,0.0
0,0,0,0,0,1,0,0,0,0.36976744186046506,0.0,0.6178082191780822,0,0.0,0,0,0,0,0,0,0,0,0,0,0,1,0,0,0,1,0.0
0,0,0,0,0,0,1,0,0,0.3581395348837209,0.0,0.5561643835616439,0,0.0,0,0,0,0,0,0,0,0,0,0,0,1,0,0,0,1,0.0
1,1,0,0,0,0,0,1,0,0.29767441860465116,0.0,0.573972602739726,1,0.0,0,0,0,0,0,0,0,0,0,0,0,1,0,0,0,1,0.0
1,1,0,0,0,0,0,0,1,0.27674418604651163,0.0,0.4602739726027397,1,0.0,0,0,0,0,0,0,0,0,0,0,0,1,0,0,0,1,0.0
0,0,1,0,0,0,0,0,0,0.31162790697674414,0.0,0.5342465753424658,0,0.0,0,0,0,0,0,0,0,0,0,0,0,1,0,0,0,1,0.0
0,0,0,1,0,0,0,0,0,0.3558139534883721,0.0,0.46849315068493147,0,0.0,0,0,0,0,0,0,0,0,0,0,0,1,0,0,0,1,0.0
0,0,0,0,1,0,0,0,0,0.32325581395348835,0.0,0.5232876712328767,0,0.0,0,0,0,0,0,0,0,0,0,0,0,1,0,0,0,1,0.0
0,0,0,0,0,1,0,0,0,0.2930232558139535,0.0,0.4164383561643835,0,0.0,0,0,0,0,0,0,0,0,0,0,0,1,0,0,0,1,0.0
0,0,0,0,0,0,1,0,0,0.27906976744186046,0.0,0.48082191780821915,0,0.0,0,0,0,0,0,0,0,0,0,0,0,1,0,0,0,1,0.0
1,1,0,0,0,0,0,1,0,0.27674418604651163,0.0,0.47534246575342465,1,0.0,0,0,0,0,0,0,0,0,0,0,0,1,0,0,0,1,0.0
1,1,0,0,0,0,0,0,1,0.30465116279069765,0.006311992786293958,0.7821917808219179,1,0.0,0,0,0,0,0,0,0,0,0,0,0,1,0,0,0,1,0.0
0,0,1,0,0,0,0,0,0,0.327906976744186,0.00045085662759242564,0.5068493150684932,0,0.0,0,0,0,0,0,0,0,0,0,0,0,1,0,0,0,1,0.0
0,0,0,1,0,0,0,0,0,0.3023255813953488,0.0,0.4164383561643835,0,0.0,0,0,0,0,0,0,0,0,0,0,0,1,0,0,0,1,0.0
0,0,0,0,1,0,0,0,0,0.21860465116279068,0.0,0.3561643835616438,0,0.0,0,0,0,0,0,0,0,0,0,0,0,1,0,0,0,1,0.0
0,0,0,0,0,1,0,0,0,0.2209302325581395,0.0,0.4068493150684932,0,0.0,0,0,0,0,0,0,0,0,0,0,0,1,0,0,0,1,0.0
0,0,0,0,0,0,1,0,0,0.2813953488372093,0.0009017132551848513,0.589041095890411,0,0.0,0,0,0,0,0,0,0,0,0,0,0,1,0,0,0,1,0.0
1,1,0,0,0,0,0,1,0,0.27906976744186046,0.008566275924256087,0.6945205479452055,1,0.0,0,0,0,0,0,0,0,0,0,0,0,1,0,0,0,1,0.0
1,1,0,0,0,0,0,0,1,0.2069767441860465,0.0,0.43150684931506844,1,0.0,0,0,0,0,0,0,0,0,0,0,0,1,0,0,0,1,0.0
0,0,1,0,0,0,0,0,0,0.2558139534883721,0.0,0.678082191780822,0,0.0,0,0,0,0,0,0,0,0,0,0,0,1,0,0,0,1,0.0
0,0,0,1,0,0,0,0,0,0.27906976744186046,0.0,0.563013698630137,0,0.0,0,0,0,0,0,0,0,0,0,0,0,1,0,0,0,1,0.0
1,0,0,0,1,0,0,0,0,0.32325581395348835,0.0,0.5835616438356164,1,0.0,0,0,0,0,0,0,0,0,0,0,0,1,0,0,0,1,0.0
0,0,0,0,0,1,0,0,0,0.3209302325581395,0.0,0.4780821917808219,0,0.0,0,0,0,0,0,0,0,0,0,0,0,1,0,0,0,1,0.0
0,0,0,0,0,0,1,0,0,0.2325581395348837,0.00045085662759242564,0.5068493150684932,0,0.0,0,0,0,0,0,0,0,0,0,0,0,1,0,0,0,1,0.0
1,1,0,0,0,0,0,1,0,0.21860465116279068,0.0,0.5150684931506849,1,0.0,0,0,0,0,0,0,0,0,0,0,0,1,0,0,0,1,0.0
1,1,0,0,0,0,0,0,1,0.313953488372093,0.0,0.5945205479452055,1,0.0,0,0,0,0,0,0,0,0,0,0,0,1,0,0,0,1,0.0
0,0,1,0,0,0,0,0,0,0.42093023255813955,0.0,0.5602739726027397,0,0.0,0,0,0,0,0,0,0,0,0,0,0,1,0,0,0,1,0.0
0,0,0,1,0,0,0,0,0,0.3186046511627907,0.0,0.2698630136986302,0,0.0,0,0,0,0,0,0,0,0,0,0,0,1,0,0,0,1,0.0
1,0,0,0,1,0,0,0,0,0.3255813953488372,0.0,0.4945205479452055,1,0.0,1,0,0,0,0,0,0,0,0,0,0,0,0,0,0,1,0.0
0,0,0,0,0,1,0,0,0,0.3069767441860465,0.0,0.3958904109589041,0,0.0,1,0,0,0,0,0,0,0,0,0,0,0,0,0,0,1,0.0
0,0,0,0,0,0,1,0,0,0.2720930232558139,0.0,0.3616438356164383,0,0.0,1,0,0,0,0,0,0,0,0,0,0,0,0,0,0,1,0.0
1,1,0,0,0,0,0,1,0,0.27906976744186046,0.0,0.4506849315068493,1,0.0,1,0,0,0,0,0,0,0,0,0,0,0,0,0,0,1,0.0
1,1,0,0,0,0,0,0,1,0.31627906976744186,0.0013525698827772767,0.7684931506849315,1,0.0,1,0,0,0,0,0,0,0,0,0,0,0,0,0,0,1,0.0
0,0,1,0,0,0,0,0,0,0.31162790697674414,0.008115419296663661,0.7,0,0.0,1,0,0,0,0,0,0,0,0,0,0,0,0,0,0,1,0.0
0,0,0,1,0,0,0,0,0,0.23023255813953486,0.002254283137962128,0.5780821917808219,0,0.0,1,0,0,0,0,0,0,0,0,0,0,0,0,0,0,1,0.0
0,0,0,0,1,0,0,0,0,0.2255813953488372,0.0027051397655545534,0.8,0,0.0,1,0,0,0,0,0,0,0,0,0,0,0,0,0,0,1,0.0
0,0,0,0,0,1,0,0,0,0.07674418604651162,0.0,0.32054794520547947,0,0.0,1,0,0,0,0,0,0,0,0,0,0,0,0,0,0,1,0.0
0,0,0,0,0,0,1,0,0,0.11162790697674418,0.0,0.4273972602739726,0,0.0,1,0,0,0,0,0,0,0,0,0,0,0,0,0,0,1,0.0
1,1,0,0,0,0,0,1,0,0.1953488372093023,0.0,0.5534246575342465,1,0.0,1,0,0,0,0,0,0,0,0,0,0,0,0,0,0,1,0.0
1,1,0,0,0,0,0,0,1,0.2209302325581395,0.0,0.6013698630136985,1,0.0,1,0,0,0,0,0,0,0,0,0,0,0,0,0,0,1,0.0
0,0,1,0,0,0,0,0,0,0.2906976744186046,0.0,0.563013698630137,0,0.0,1,0,0,0,0,0,0,0,0,0,0,0,0,0,0,1,0.0
0,0,0,1,0,0,0,0,0,0.37906976744186044,0.00045085662759242564,0.4383561643835616,0,0.0,1,0,0,0,0,0,0,0,0,0,0,0,0,0,0,1,0.0
0,0,0,0,1,0,0,0,0,0.22325581395348837,0.0,0.28904109589041094,0,0.0,1,0,0,0,0,0,0,0,0,0,0,0,0,0,0,1,0.0
0,0,0,0,0,1,0,0,0,0.28604651162790695,0.0,0.4465753424657535,0,0.0,1,0,0,0,0,0,0,0,0,0,0,0,0,0,0,1,0.0
0,0,0,0,0,0,1,0,0,0.29534883720930233,0.0,0.46849315068493147,0,0.0,1,0,0,0,0,0,0,0,0,0,0,0,0,0,0,1,0.0
1,1,0,0,0,0,0,1,0,0.2883720930232558,0.0,0.3616438356164383,1,0.0,1,0,0,0,0,0,0,0,0,0,0,0,0,0,0,1,0.0
1,1,0,0,0,0,0,0,1,0.30465116279069765,0.0,0.5191780821917807,1,0.0,1,0,0,0,0,0,0,0,0,0,0,0,0,0,0,1,0.0
0,0,1,0,0,0,0,0,0,0.3302325581395349,0.0,0.6493150684931507,0,0.0,1,0,0,0,0,0,0,0,0,0,0,0,0,0,0,1,0.0
0,0,0,1,0,0,0,0,0,0.32325581395348835,0.0,0.6328767123287671,0,0.0,1,0,0,0,0,0,0,0,0,0,0,0,0,0,0,1,0.0
0,0,0,0,1,0,0,0,0,0.3441860465116279,0.0,0.6424657534246575,0,0.0,1,0,0,0,0,0,0,0,0,0,0,0,0,0,0,1,0.0
0,0,0,0,0,1,0,0,0,0.33255813953488367,0.0,0.36986301369863017,0,0.0,1,0,0,0,0,0,0,0,0,0,0,0,0,0,0,1,0.0
0,0,0,0,0,0,1,0,0,0.3255813953488372,0.0,0.28219178082191787,0,0.0,1,0,0,0,0,0,0,0,0,0,0,0,0,0,0,1,0.0
1,1,0,0,0,0,0,1,0,0.3651162790697674,0.0,0.39863013698630134,1,0.0,1,0,0,0,0,0,0,0,0,0,0,0,0,0,0,1,0.0
1,1,0,0,0,0,0,0,1,0.38604651162790693,0.0,0.363013698630137,1,0.0,1,0,0,0,0,0,0,0,0,0,0,0,0,0,0,1,0.0
0,0,1,0,0,0,0,0,0,0.2720930232558139,0.02028854824165915,0.8,0,0.0,1,0,0,0,0,0,0,0,0,0,0,0,0,0,0,1,0.0
0,0,0,1,0,0,0,0,0,0.2325581395348837,0.01983769161406673,0.758904109589041,0,0.0,1,0,0,0,0,0,0,0,0,0,0,0,0,0,0,1,0.0
0,0,0,0,1,0,0,0,0,0.20465116279069767,0.0013525698827772767,0.6452054794520548,0,0.0,1,0,0,0,0,0,0,0,0,0,0,0,0,0,0,1,0.0
0,0,0,0,0,1,0,0,0,0.22325581395348837,0.0,0.6013698630136985,0,0.0,1,0,0,0,0,0,0,0,0,0,0,0,0,0,0,1,0.0
0,0,0,0,0,0,1,0,0,0.3093023255813953,0.0,0.6328767123287671,0,0.0,1,0,0,0,0,0,0,0,0,0,0,0,0,0,0,1,0.0
1,1,0,0,0,0,0,1,0,0.34651162790697676,0.0009017132551848513,0.8232876712328767,1,0.0,0,1,0,0,0,0,0,0,0,0,0,0,0,0,0,1,0.0
1,1,0,0,0,0,0,0,1,0.3209302325581395,0.0,0.7342465753424656,1,0.0,0,1,0,0,0,0,0,0,0,0,0,0,0,0,0,1,0.0
0,0,1,0,0,0,0,0,0,0.2325581395348837,0.0009017132551848513,0.3506849315068493,0,0.0,0,1,0,0,0,0,0,0,0,0,0,0,0,0,0,1,0.0
0,0,0,1,0,0,0,0,0,0.1209302325581395,0.0,0.4616438356164384,0,0.0,0,1,0,0,0,0,0,0,0,0,0,0,0,0,0,1,0.0
0,0,0,0,1,0,0,0,0,0.11627906976744184,0.0,0.4342465753424658,0,0.0,0,1,0,0,0,0,0,0,0,0,0,0,0,0,0,1,0.0
0,0,0,0,0,1,0,0,0,0.1697674418604651,0.003155996393146979,0.5136986301369862,0,0.0,0,1,0,0,0,0,0,0,0,0,0,0,0,0,0,1,0.0
0,0,0,0,0,0,1,0,0,0.11627906976744184,0.005861136158701533,0.6739726027397259,0,0.0,0,1,0,0,0,0,0,0,0,0,0,0,0,0,0,1,0.0
1,1,0,0,0,0,0,1,0,0.11162790697674418,0.0,0.5479452054794521,1,0.0,0,1,0,0,0,0,0,0,0,0,0,0,0,0,0,1,0.0
1,1,0,0,0,0,0,0,1,0.17441860465116277,0.0,0.5438356164383561,1,0.0,0,1,0,0,0,0,0,0,0,0,0,0,0,0,0,1,0.0
0,0,1,0,0,0,0,0,0,0.20465116279069767,0.0,0.6452054794520548,0,0.0,0,1,0,0,0,0,0,0,0,0,0,0,0,0,0,1,0.0
0,0,0,1,0,0,0,0,0,0.2720930232558139,0.0,0.41917808219178077,0,0.0,0,1,0,0,0,0,0,0,0,0,0,0,0,0,0,1,0.0
0,0,0,0,1,0,0,0,0,0.2906976744186046,0.03742110009017133,0.7904109589041095,0,0.0,0,1,0,0,0,0,0,0,0,0,0,0,0,0,0,1,0.0
0,0,0,0,0,1,0,0,0,0.2906976744186046,0.0,0.31506849315068497,0,0.0,0,1,0,0,0,0,0,0,0,0,0,0,0,0,0,1,0.0
0,0,0,0,0,0,1,0,0,0.34651162790697676,0.0,0.5356164383561643,0,0.0,0,1,0,0,0,0,0,0,0,0,0,0,0,0,0,1,0.0
1,1,0,0,0,0,0,1,0,0.33255813953488367,0.0,0.5534246575342465,1,0.0,0,1,0,0,0,0,0,0,0,0,0,0,0,0,0,1,0.0
1,1,0,0,0,0,0,0,1,0.3837209302325581,0.0,0.5876712328767123,1,0.0,0,1,0,0,0,0,0,0,0,0,0,0,0,0,0,1,0.0
0,0,1,0,0,0,0,0,0,0.29534883720930233,0.0,0.1315068493150685,0,0.0,0,1,0,0,0,0,0,0,0,0,0,0,0,0,0,1,0.0
0,0,0,1,0,0,0,0,0,0.2441860465116279,0.0,0.21232876712328763,0,0.0,0,1,0,0,0,0,0,0,0,0,0,0,0,0,0,1,0.0
0,0,0,0,1,0,0,0,0,0.22790697674418603,0.0,0.24931506849315066,0,0.0,0,1,0,0,0,0,0,0,0,0,0,0,0,0,0,1,0.0
0,0,0,0,0,1,0,0,0,0.2209302325581395,0.0,0.273972602739726,0,0.0,0,1,0,0,0,0,0,0,0,0,0,0,0,0,0,1,0.0
0,0,0,0,0,0,1,0,0,0.23023255813953486,0.0,0.24520547945205473,0,0.0,0,1,0,0,0,0,0,0,0,0,0,0,0,0,0,1,0.0
1,1,0,0,0,0,0,1,0,0.24186046511627907,0.0018034265103697026,0.41369863013698627,1,0.0,0,1,0,0,0,0,0,0,0,0,0,0,0,0,0,1,0.0
1,1,0,0,0,0,0,0,1,0.2023255813953488,0.0,0.31643835616438354,1,0.0,0,1,0,0,0,0,0,0,0,0,0,0,0,0,0,1,0.0
0,0,1,0,0,0,0,0,0,0.24883720930232556,0.0,0.23150684931506849,0,0.0,0,1,0,0,0,0,0,0,0,0,0,0,0,0,0,1,0.0
0,0,0,1,0,0,0,0,0,0.30465116279069765,0.0,0.4712328767123287,0,0.0,0,1,0,0,0,0,0,0,0,0,0,0,0,0,0,1,0.0
0,0,0,0,1,0,0,0,0,0.3883720930232558,0.0,0.273972602739726,0,0.0,0,1,0,0,0,0,0,0,0,0,0,0,0,0,0,1,0.0
0,0,0,0,0,1,0,0,0,0.41860465116279066,0.0,0.05068493150684933,0,0.0,0,1,0,0,0,0,0,0,0,0,0,0,0,0,0,1,0.0
0,0,0,0,0,0,1,0,0,0.49302325581395345,0.0,0.4301369863013699,0,0.0,0,1,0,0,0,0,0,0,0,0,0,0,0,0,0,1,0.0
1,1,0,0,0,0,0,1,0,0.4116279069767442,0.011722272317403066,0.8753424657534246,1,0.0,0,0,1,0,0,0,0,0,0,0,0,0,1,0,0,0,0.0
1,1,0,0,0,0,0,0,1,0.4906976744186046,0.02569882777276826,0.8232876712328767,1,0.0,0,0,1,0,0,0,0,0,0,0,0,0,1,0,0,0,0.0
0,0,1,0,0,0,0,0,0,0.34651162790697676,0.10369702434625788,0.6438356164383562,0,0.0,0,0,1,0,0,0,0,0,0,0,0,0,1,0,0,0,0.0
0,0,0,1,0,0,0,0,0,0.3441860465116279,0.0040577096483318306,0.6301369863013699,0,0.0,0,0,1,0,0,0,0,0,0,0,0,0,1,0,0,0,0.0
0,0,0,0,1,0,0,0,0,0.3930232558139535,0.0,0.5712328767123287,0,0.0,0,0,1,0,0,0,0,0,0,0,0,0,1,0,0,0,0.0
0,0,0,0,0,1,0,0,0,0.3837209302325581,0.0,0.43698630136986294,0,0.0,0,0,1,0,0,0,0,0,0,0,0,0,1,0,0,0,0.0
0,0,0,0,0,0,1,0,0,0.3953488372093023,0.0,0.34383561643835614,0,0.0,0,0,1,0,0,0,0,0,0,0,0,0,1,0,0,0,0.0
1,1,0,0,0,0,0,1,0,0.40930232558139534,0.0,0.4054794520547945,1,0.0,0,0,1,0,0,0,0,0,0,0,0,0,1,0,0,0,0.0
1,1,0,0,0,0,0,0,1,0.4232558139534883,0.0,0.4506849315068493,1,0.0,0,0,1,0,0,0,0,0,0,0,0,0,1,0,0,0,0.0
0,0,1,0,0,0,0,0,0,0.45581395348837206,0.0,0.3082191780821918,0,0.0,0,0,1,0,0,0,0,0,0,0,0,0,1,0,0,0,0.0
0,0,0,1,0,0,0,0,0,0.49302325581395345,0.0,0.29315068493150687,0,0.0,0,0,1,0,0,0,0,0,0,0,0,0,1,0,0,0,0.0
0,0,0,0,1,0,0,0,0,0.4883720930232558,0.0,0.5164383561643836,0,0.0,0,0,1,0,0,0,0,0,0,0,0,0,1,0,0,0,0.0
0,0,0,0,0,1,0,0,0,0.5046511627906977,0.0,0.33150684931506846,0,0.0,0,0,1,0,0,0,0,0,0,0,0,0,1,0,0,0,0.0
0,0,0,0,0,0,1,0,0,0.5651162790697675,0.0,0.10136986301369866,0,0.0,0,0,1,0,0,0,0,0,0,0,0,0,1,0,0,0,0.0
1,1,0,0,0,0,0,1,0,0.49302325581395345,0.0,0.3849315068493151,1,0.0,0,0,1,0,0,0,0,0,0,0,0,0,1,0,0,0,0.0
1,1,0,0,0,0,0,0,1,0.36976744186046506,0.0040577096483318306,0.4794520547945206,1,0.0,0,0,1,0,0,0,0,0,0,0,0,0,1,0,0,0,0.0
0,0,1,0,0,0,0,0,0,0.35348837209302325,0.0,0.1506849315068493,0,0.0,0,0,1,0,0,0,0,0,0,0,0,0,1,0,0,0,0.0
0,0,0,1,0,0,0,0,0,0.2930232558139535,0.0175834084761046,0.726027397260274,0,0.0,0,0,1,0,0,0,0,0,0,0,0,0,1,0,0,0,0.0
0,0,0,0,1,0,0,0,0,0.3395348837209302,0.0,0.30958904109589036,0,0.0,0,0,1,0,0,0,0,0,0,0,0,0,1,0,0,0,0.0
0,0,0,0,0,1,0,0,0,0.4418604651162791,0.0,0.5068493150684932,0,0.0,0,0,1,0,0,0,0,0,0,0,0,0,1,0,0,0,0.0
0,0,0,0,0,0,1,0,0,0.5627906976744186,0.0,0.36575342465753424,0,0.0,0,0,1,0,0,0,0,0,0,0,0,0,1,0,0,0,0.0
1,1,0,0,0,0,0,1,0,0.6116279069767442,0.0,0.2520547945205479,1,0.0,0,0,1,0,0,0,0,0,0,0,0,0,1,0,0,0,0.0
1,1,0,0,0,0,0,0,1,0.6511627906976745,0.0,0.215068493150685,1,0.0,0,0,1,0,0,0,0,0,0,0,0,0,1,0,0,0,0.0
0,0,1,0,0,0,0,0,0,0.6511627906976745,0.0,0.3972602739726028,0,0.0,0,0,1,0,0,0,0,0,0,0,0,0,1,0,0,0,0.0
0,0,0,1,0,0,0,0,0,0.6232558139534883,0.0,0.410958904109589,0,0.0,0,0,1,0,0,0,0,0,0,0,0,0,1,0,0,0,0.0
0,0,0,0,1,0,0,0,0,0.6953488372093023,0.0,0.1589041095890411,0,0.0,0,0,1,0,0,0,0,0,0,0,0,0,1,0,0,0,0.0
0,0,0,0,0,1,0,0,0,0.6395348837209303,0.003155996393146979,0.6013698630136985,0,0.0,0,0,1,0,0,0,0,0,0,0,0,0,1,0,0,0,0.0
0,0,0,0,0,0,1,0,0,0.4395348837209302,0.0,0.2424657534246576,0,0.0,0,0,1,0,0,0,0,0,0,0,0,0,1,0,0,0,0.0
1,1,0,0,0,0,0,1,0,0.3558139534883721,0.0,0.24931506849315066,1,0.0,0,0,1,0,0,0,0,0,0,0,0,0,1,0,0,0,0.0
1,1,0,0,0,0,0,0,1,0.3674418604651163,0.0,0.26712328767123283,1,0.0,0,0,1,0,0,0,0,0,0,0,0,0,1,0,0,0,0.0
0,0,1,0,0,0,0,0,0,0.45348837209302323,0.0,0.3835616438356164,0,0.0,0,0,1,0,0,0,0,0,0,0,0,0,1,0,0,0,0.0
0,0,0,1,0,0,0,0,0,0.5046511627906977,0.0,0.3082191780821918,0,0.0,0,0,0,1,0,0,0,0,0,0,0,0,1,0,0,0,0.0
0,0,0,0,1,0,0,0,0,0.4883720930232558,0.0,0.32191780821917804,0,0.0,0,0,0,1,0,0,0,0,0,0,0,0,1,0,0,0,0.0
0,0,0,0,0,1,0,0,0,0.5046511627906977,0.0,0.4575342465753425,0,0.0,0,0,0,1,0,0,0,0,0,0,0,0,1,0,0,0,0.0
0,0,0,0,0,0,1,0,0,0.5372093023255813,0.0018034265103697026,0.4301369863013699,0,0.0,0,0,0,1,0,0,0,0,0,0,0,0,1,0,0,0,0.0
1,1,0,0,0,0,0,1,0,0.48372093023255813,0.05275022542831379,0.7493150684931507,1,0.0,0,0,0,1,0,0,0,0,0,0,0,0,1,0,0,0,0.0
1,1,0,0,0,0,0,0,1,0.513953488372093,0.0,0.4,1,0.0,0,0,0,1,0,0,0,0,0,0,0,0,1,0,0,0,0.0
0,0,1,0,0,0,0,0,0,0.586046511627907,0.0,0.25479452054794516,0,0.0,0,0,0,1,0,0,0,0,0,0,0,0,1,0,0,0,0.0
0,0,0,1,0,0,0,0,0,0.627906976744186,0.0,0.23287671232876717,0,0.0,0,0,0,1,0,0,0,0,0,0,0,0,1,0,0,0,0.0
0,0,0,0,1,0,0,0,0,0.5883720930232559,0.0,0.2465753424657534,0,0.0,0,0,0,1,0,0,0,0,0,0,0,0,1,0,0,0,0.0
0,0,0,0,0,1,0,0,0,0.5906976744186047,0.0,0.39315068493150684,0,0.0,0,0,0,1,0,0,0,0,0,0,0,0,1,0,0,0,0.0
0,0,0,0,0,0,1,0,0,0.641860465116279,0.0,0.30958904109589036,0,0.0,0,0,0,1,0,0,0,0,0,0,0,0,1,0,0,0,0.0
1,1,0,0,0,0,0,1,0,0.6069767441860465,0.058611361587015326,0.4465753424657535,1,0.0,0,0,0,1,0,0,0,0,0,0,0,0,1,0,0,0,0.0
1,1,0,0,0,0,0,0,1,0.39999999999999997,0.023444544634806132,0.5986301369863013,1,0.0,0,0,0,1,0,0,0,0,0,0,0,0,1,0,0,0,0.0
0,0,1,0,0,0,0,0,0,0.3837209302325581,0.027953110910730387,0.7835616438356163,0,0.0,0,0,0,1,0,0,0,0,0,0,0,0,1,0,0,0,0.0
0,0,0,1,0,0,0,0,0,0.46976744186046515,0.0,0.5821917808219179,0,0.0,0,0,0,1,0,0,0,0,0,0,0,0,1,0,0,0,0.0
0,0,0,0,1,0,0,0,0,0.6372093023255814,0.0,0.363013698630137,0,0.0,0,0,0,1,0,0,0,0,0,0,0,0,1,0,0,0,0.0
0,0,0,0,0,1,0,0,0,0.772093023255814,0.0,0.4068493150684932,0,0.0,0,0,0,1,0,0,0,0,0,0,0,0,1,0,0,0,0.0
0,0,0,0,0,0,1,0,0,0.7627906976744185,0.0,0.5356164383561643,0,0.0,0,0,0,1,0,0,0,0,0,0,0,0,1,0,0,0,0.0
1,1,0,0,0,0,0,1,0,0.7488372093023256,0.018935978358881875,0.6315068493150685,1,0.0,0,0,0,1,0,0,0,0,0,0,0,0,1,0,0,0,0.0
1,1,0,0,0,0,0,0,1,0.6744186046511629,0.0040577096483318306,0.7465753424657535,1,0.0,0,0,0,1,0,0,0,0,0,0,0,0,1,0,0,0,0.0
0,0,1,0,0,0,0,0,0,0.7651162790697674,0.0,0.5205479452054794,0,0.0,0,0,0,1,0,0,0,0,0,0,0,0,1,0,0,0,0.0
0,0,0,1,0,0,0,0,0,0.6767441860465115,0.11541929666366096,0.9191780821917808,0,0.0,0,0,0,1,0,0,0,0,0,0,0,0,1,0,0,0,0.0
0,0,0,0,1,0,0,0,0,0.672093023255814,0.0,0.721917808219178,0,0.0,0,0,0,1,0,0,0,0,0,0,0,0,1,0,0,0,0.0
0,0,0,0,0,1,0,0,0,0.613953488372093,0.0,0.42054794520547945,0,0.0,0,0,0,1,0,0,0,0,0,0,0,0,1,0,0,0,0.0
0,0,0,0,0,0,1,0,0,0.5604651162790697,0.0,0.11917808219178083,0,0.0,0,0,0,1,0,0,0,0,0,0,0,0,1,0,0,0,0.0
1,1,0,0,0,0,0,1,0,0.6,0.0,0.17808219178082196,1,0.0,0,0,0,1,0,0,0,0,0,0,0,0,1,0,0,0,0.0
1,1,0,0,0,0,0,0,1,0.6651162790697673,0.0,0.03424657534246578,1,0.0,0,0,0,1,0,0,0,0,0,0,0,0,1,0,0,0,0.0
0,0,1,0,0,0,0,0,0,0.6209302325581395,0.0,0.2082191780821918,0,0.0,0,0,0,1,0,0,0,0,0,0,0,0,1,0,0,0,0.0
0,0,0,1,0,0,0,0,0,0.6069767441860465,0.0,0.2479452054794521,0,0.0,0,0,0,1,0,0,0,0,0,0,0,0,1,0,0,0,0.0
0,0,0,0,1,0,0,0,0,0.6976744186046512,0.0,0.2246575342465753,0,0.0,0,0,0,1,0,0,0,0,0,0,0,0,1,0,0,0,0.0
0,0,0,0,0,1,0,0,0,0.6093023255813954,0.1618575293056808,0.7205479452054795,0,0.0,0,0,0,0,1,0,0,0,0,0,0,0,1,0,0,0,0.0
0,0,0,0,0,0,1,0,0,0.5813953488372092,0.0,0.4301369863013699,0,0.0,0,0,0,0,1,0,0,0,0,0,0,0,1,0,0,0,0.0
1,1,0,0,0,0,0,1,0,0.5093023255813953,0.09963931469792606,0.8095890410958904,1,0.0,0,0,0,0,1,0,0,0,0,0,0,0,1,0,0,0,0.0
1,1,0,0,0,0,0,0,1,0.5976744186046512,0.0,0.3246575342465754,1,0.0,0,0,0,0,1,0,0,0,0,0,0,0,1,0,0,0,0.0
1,0,1,0,0,0,0,0,0,0.541860465116279,0.00045085662759242564,0.4931506849315068,1,0.0,0,0,0,0,1,0,0,0,0,0,0,0,1,0,0,0,0.0
1,0,0,1,0,0,0,0,0,0.569767441860465,0.0,0.5767123287671233,1,0.0,0,0,0,0,1,0,0,0,0,0,0,0,1,0,0,0,0.0
0,0,0,0,1,0,0,0,0,0.6069767441860465,0.0,0.5136986301369862,0,0.0,0,0,0,0,1,0,0,0,0,0,0,0,1,0,0,0,0.0
0,0,0,0,0,1,0,0,0,0.6883720930232557,0.0,0.4246575342465754,0,0.0,0,0,0,0,1,0,0,0,0,0,0,0,1,0,0,0,0.0
0,0,0,0,0,0,1,0,0,0.6232558139534883,0.04959422903516682,0.8315068493150684,0,0.0,0,0,0,0,1,0,0,0,0,0,0,0,1,0,0,0,0.0
1,1,0,0,0,0,0,1,0,0.5581395348837209,0.01983769161406673,0.8999999999999999,1,0.0,0,0,0,0,1,0,0,0,0,0,0,0,1,0,0,0,0.0
1,1,0,0,0,0,0,0,1,0.6232558139534883,0.0,0.6123287671232875,1,0.0,0,0,0,0,1,0,0,0,0,0,0,0,1,0,0,0,0.0
0,0,1,0,0,0,0,0,0,0.6767441860465115,0.0,0.4794520547945206,0,0.0,0,0,0,0,1,0,0,0,0,0,0,0,1,0,0,0,0.0
0,0,0,1,0,0,0,0,0,0.713953488372093,0.0,0.39863013698630134,0,0.0,0,0,0,0,1,0,0,0,0,0,0,0,1,0,0,0,0.0
0,0,0,0,1,0,0,0,0,0.7534883720930232,0.0,0.37534246575342467,0,0.0,0,0,0,0,1,0,0,0,0,0,0,0,1,0,0,0,0.0
0,0,0,0,0,1,0,0,0,0.7674418604651163,0.018935978358881875,0.7794520547945205,0,0.0,0,0,0,0,1,0,0,0,0,0,0,0,1,0,0,0,0.0
0,0,0,0,0,0,1,0,0,0.741860465116279,0.06447249774571687,0.8821917808219177,0,0.0,0,0,0,0,1,0,0,0,0,0,0,0,1,0,0,0,0.0
1,1,0,0,0,0,0,1,0,0.7162790697674418,0.002254283137962128,0.7794520547945205,1,0.0,0,0,0,0,1,0,0,0,0,0,0,0,1,0,0,0,0.0
1,1,0,0,0,0,0,0,1,0.641860465116279,0.0,0.44109589041095887,1,0.0,0,0,0,0,1,0,0,0,0,0,0,0,1,0,0,0,0.0
0,0,1,0,0,0,0,0,0,0.7023255813953488,0.0,0.5575342465753423,0,0.0,0,0,0,0,1,0,0,0,0,0,0,0,1,0,0,0,0.0
0,0,0,1,0,0,0,0,0,0.8558139534883721,0.0,0.6465753424657533,0,0.0,0,0,0,0,1,0,0,0,0,0,0,0,1,0,0,0,0.0
0,0,0,0,1,0,0,0,0,0.8581395348837209,0.0,0.6575342465753425,0,0.0,0,0,0,0,1,0,0,0,0,0,0,0,1,0,0,0,0.0
0,0,0,0,0,1,0,0,0,0.7581395348837209,0.0013525698827772767,0.7657534246575342,0,0.0,0,0,0,0,1,0,0,0,0,0,0,0,1,0,0,0,0.0
0,0,0,0,0,0,1,0,0,0.7279069767441859,0.0,0.26164383561643834,0,0.0,0,0,0,0,1,0,0,0,0,0,0,0,1,0,0,0,0.0
1,1,0,0,0,0,0,1,0,0.6372093023255814,0.0027051397655545534,0.4945205479452055,1,0.0,0,0,0,0,1,0,0,0,0,0,0,0,1,0,0,0,0.0
1,1,0,0,0,0,0,0,1,0.6790697674418604,0.0,0.5547945205479453,1,0.0,0,0,0,0,1,0,0,0,0,0,0,0,1,0,0,0,0.0
0,0,1,0,0,0,0,0,0,0.7232558139534884,0.0,0.4068493150684932,0,0.0,0,0,0,0,1,0,0,0,0,0,0,0,1,0,0,0,0.0
0,0,0,1,0,0,0,0,0,0.741860465116279,0.0,0.38630136986301367,0,0.0,0,0,0,0,1,0,0,0,0,0,0,0,1,0,0,0,0.0
0,0,0,0,1,0,0,0,0,0.7465116279069768,0.0,0.43698630136986294,0,0.0,0,0,0,0,1,0,0,0,0,0,0,0,1,0,0,0,0.0
0,0,0,0,0,1,0,0,0,0.7441860465116279,0.0,0.4671232876712329,0,0.0,0,0,0,0,1,0,0,0,0,0,0,0,1,0,0,0,0.0
0,0,0,0,0,0,1,0,0,0.7395348837209301,0.0,0.3890410958904109,0,0.0,0,0,0,0,1,0,0,0,0,0,0,0,1,0,0,0,0.0
1,1,0,0,0,0,0,1,0,0.7395348837209301,0.0,0.4712328767123287,1,0.0,0,0,0,0,1,0,0,0,0,0,0,0,1,0,0,0,0.0
1,1,0,0,0,0,0,0,1,0.786046511627907,0.0,0.4438356164383561,1,0.0,0,0,0,0,0,1,0,0,0,0,0,0,0,1,0,0,0.0
0,0,1,0,0,0,0,0,0,0.7395348837209301,0.0,0.5643835616438355,0,0.0,0,0,0,0,0,1,0,0,0,0,0,0,0,1,0,0,0.0
1,0,0,1,0,0,0,0,0,0.7558139534883721,0.0,0.40410958904109584,1,0.0,0,0,0,0,0,1,0,0,0,0,0,0,0,1,0,0,0.0
0,0,0,0,1,0,0,0,0,0.7488372093023256,0.0,0.3356164383561644,0,0.0,0,0,0,0,0,1,0,0,0,0,0,0,0,1,0,0,0.0
0,0,0,0,0,1,0,0,0,0.7581395348837209,0.0,0.3136986301369863,0,0.0,0,0,0,0,0,1,0,0,0,0,0,0,0,1,0,0,0.0
1,0,0,0,0,0,1,0,0,0.8162790697674418,0.0,0.2246575342465753,1,0.0,0,0,0,0,0,1,0,0,0,0,0,0,0,1,0,0,0.0
1,1,0,0,0,0,0,1,0,0.8302325581395349,0.0,0.39315068493150684,1,0.0,0,0,0,0,0,1,0,0,0,0,0,0,0,1,0,0,0.0
1,1,0,0,0,0,0,0,1,0.8581395348837209,0.0,0.5684931506849316,1,0.0,0,0,0,0,0,1,0,0,0,0,0,0,0,1,0,0,0.0
0,0,1,0,0,0,0,0,0,0.8581395348837209,0.0,0.5273972602739726,0,0.0,0,0,0,0,0,1,0,0,0,0,0,0,0,1,0,0,0.0
0,0,0,1,0,0,0,0,0,0.813953488372093,0.0,0.5780821917808219,0,0.0,0,0,0,0,0,1,0,0,0,0,0,0,0,1,0,0,0.0
0,0,0,0,1,0,0,0,0,0.8023255813953488,0.0,0.3342465753424657,0,0.0,0,0,0,0,0,1,0,0,0,0,0,0,0,1,0,0,0.0
0,0,0,0,0,1,0,0,0,0.8488372093023255,0.0,0.263013698630137,0,0.0,0,0,0,0,0,1,0,0,0,0,0,0,0,1,0,0,0.0
0,0,0,0,0,0,1,0,0,0.7604651162790698,0.1798917944093778,0.678082191780822,0,0.0,0,0,0,0,0,1,0,0,0,0,0,0,0,1,0,0,0.0
1,1,0,0,0,0,0,1,0,0.8186046511627907,0.20153291253381425,0.8273972602739725,1,0.0,0,0,0,0,0,1,0,0,0,0,0,0,0,1,0,0,0.0
1,1,0,0,0,0,0,0,1,0.8767441860465116,0.16862037871956717,0.6712328767123288,1,0.0,0,0,0,0,0,1,0,0,0,0,0,0,0,1,0,0,0.0
0,0,1,0,0,0,0,0,0,0.827906976744186,0.11857529305680793,0.8041095890410959,0,0.0,0,0,0,0,0,1,0,0,0,0,0,0,0,1,0,0,0.0
0,0,0,1,0,0,0,0,0,0.8465116279069768,0.016230838593327322,0.6876712328767123,0,0.0,0,0,0,0,0,1,0,0,0,0,0,0,0,1,0,0,0.0
0,0,0,0,1,0,0,0,0,0.8651162790697674,0.0,0.5260273972602739,0,0.0,0,0,0,0,0,1,0,0,0,0,0,0,0,1,0,0,0.0
0,0,0,0,0,1,0,0,0,0.8976744186046511,0.0,0.536986301369863,0,0.0,0,0,0,0,0,1,0,0,0,0,0,0,0,1,0,0,0.0
0,0,0,0,0,0,1,0,0,0.8441860465116279,0.22272317403065825,0.8369863013698631,0,0.0,0,0,0,0,0,1,0,0,0,0,0,0,0,1,0,0,0.0
1,1,0,0,0,0,0,1,0,0.7558139534883721,0.3530207394048692,0.9657534246575343,1,0.0,0,0,0,0,0,1,0,0,0,0,0,0,0,1,0,0,0.0
1,1,0,0,0,0,0,0,1,0.8069767441860465,0.0,0.6397260273972601,1,0.0,0,0,0,0,0,1,0,0,0,0,0,0,0,1,0,0,0.0
0,0,1,0,0,0,0,0,0,0.8488372093023255,0.0,0.563013698630137,0,0.0,0,0,0,0,0,1,0,0,0,0,0,0,0,1,0,0,0.0
0,0,0,1,0,0,0,0,0,0.7744186046511627,0.0861136158701533,0.7136986301369863,0,0.0,0,0,0,0,0,1,0,0,0,0,0,0,0,1,0,0,0.0
0,0,0,0,1,0,0,0,0,0.7581395348837209,0.005861136158701533,0.8273972602739725,0,0.0,0,0,0,0,0,1,0,0,0,0,0,0,0,1,0,0,0.0
0,0,0,0,0,1,0,0,0,0.7976744186046512,0.00045085662759242564,0.76986301369863,0,0.0,0,0,0,0,0,1,0,0,0,0,0,0,0,1,0,0,0.0
0,0,0,0,0,0,1,0,0,0.8534883720930232,0.0,0.7,0,0.0,0,0,0,0,0,1,0,0,0,0,0,0,0,1,0,0,0.0
1,1,0,0,0,0,0,1,0,0.9046511627906977,0.0,0.7493150684931507,1,0.0,0,0,0,0,0,1,0,0,0,0,0,0,0,1,0,0,0.0
1,1,0,0,0,0,0,0,1,0.9325581395348836,0.0,0.6506849315068494,1,0.0,0,0,0,0,0,1,0,0,0,0,0,0,0,1,0,0,0.0
0,0,1,0,0,0,0,0,0,0.9418604651162791,0.0,0.6219178082191781,0,0.0,0,0,0,0,0,1,0,0,0,0,0,0,0,1,0,0,0.0
0,0,0,1,0,0,0,0,0,0.9395348837209302,0.0,0.678082191780822,0,0.0,0,0,0,0,0,0,1,0,0,0,0,0,0,1,0,0,0.0
0,0,0,0,1,0,0,0,0,0.9488372093023255,0.0,0.6424657534246575,0,0.0,0,0,0,0,0,0,1,0,0,0,0,0,0,1,0,0,0.0
0,0,0,0,0,1,0,0,0,0.9302325581395349,0.0,0.6123287671232875,0,0.0,0,0,0,0,0,0,1,0,0,0,0,0,0,1,0,0,0.0
0,0,0,0,0,0,1,0,0,0.913953488372093,0.0,0.6534246575342465,0,0.0,0,0,0,0,0,0,1,0,0,0,0,0,0,1,0,0,0.0
1,1,0,0,0,0,0,1,0,0.9302325581395349,0.0,0.6397260273972601,1,0.0,0,0,0,0,0,0,1,0,0,0,0,0,0,1,0,0,0.0
1,1,0,0,0,0,0,0,1,0.9395348837209302,0.0,0.6561643835616437,1,0.0,0,0,0,0,0,0,1,0,0,0,0,0,0,1,0,0,0.0
0,0,1,0,0,0,0,0,0,0.9627906976744186,0.0,0.6863013698630136,0,0.0,0,0,0,0,0,0,1,0,0,0,0,0,0,1,0,0,0.0
0,0,0,1,0,0,0,0,0,0.9953488372093022,0.0,0.5684931506849316,0,0.0,0,0,0,0,0,0,1,0,0,0,0,0,0,1,0,0,0.0
0,0,0,0,1,0,0,0,0,0.9860465116279069,0.0,0.3246575342465754,0,0.0,0,0,0,0,0,0,1,0,0,0,0,0,0,1,0,0,0.0
0,0,0,0,0,1,0,0,0,0.958139534883721,0.0,0.2465753424657534,0,0.0,0,0,0,0,0,0,1,0,0,0,0,0,0,1,0,0,0.0
0,0,0,0,0,0,1,0,0,0.9395348837209302,0.0,0.2808219178082192,0,0.0,0,0,0,0,0,0,1,0,0,0,0,0,0,1,0,0,0.0
1,1,0,0,0,0,0,1,0,0.9302325581395349,0.0,0.410958904109589,1,0.0,0,0,0,0,0,0,1,0,0,0,0,0,0,1,0,0,0.0
1,1,0,0,0,0,0,0,1,0.8534883720930232,0.010369702434625788,0.7465753424657535,1,0.0,0,0,0,0,0,0,1,0,0,0,0,0,0,1,0,0,0.0
0,0,1,0,0,0,0,0,0,0.8093023255813953,0.09422903516681694,0.806849315068493,0,0.0,0,0,0,0,0,0,1,0,0,0,0,0,0,1,0,0,0.0
0,0,0,1,0,0,0,0,0,0.7976744186046512,0.009017132551848512,0.8273972602739725,0,0.0,0,0,0,0,0,0,1,0,0,0,0,0,0,1,0,0,0.0
0,0,0,0,1,0,0,0,0,0.7906976744186046,0.2980162308385933,0.9095890410958904,0,0.0,0,0,0,0,0,0,1,0,0,0,0,0,0,1,0,0,0.0
1,0,0,0,0,1,0,0,0,0.7767441860465116,0.7592425608656447,0.9890410958904108,1,0.0,0,0,0,0,0,0,1,0,0,0,0,0,0,1,0,0,0.0
0,0,0,0,0,0,1,0,0,0.8302325581395349,0.00045085662759242564,0.9027397260273973,0,0.0,0,0,0,0,0,0,1,0,0,0,0,0,0,1,0,0,0.0
1,1,0,0,0,0,0,1,0,0.8372093023255814,0.15103697024346258,0.9410958904109588,1,0.0,0,0,0,0,0,0,1,0,0,0,0,0,0,1,0,0,0.0
1,1,0,0,0,0,0,0,1,0.913953488372093,0.0,0.7246575342465753,1,0.0,0,0,0,0,0,0,1,0,0,0,0,0,0,1,0,0,0.0
0,0,1,0,0,0,0,0,0,0.9255813953488371,0.0,0.7082191780821916,0,0.0,0,0,0,0,0,0,1,0,0,0,0,0,0,1,0,0,0.0
0,0,0,1,0,0,0,0,0,0.9302325581395349,0.03381424706943192,0.7342465753424656,0,0.0,0,0,0,0,0,0,1,0,0,0,0,0,0,1,0,0,0.0
0,0,0,0,1,0,0,0,0,0.9372093023255813,0.0,0.6931506849315068,0,0.0,0,0,0,0,0,0,1,0,0,0,0,0,0,1,0,0,0.0
0,0,0,0,0,1,0,0,0,0.9604651162790697,0.0,0.6260273972602739,0,0.0,0,0,0,0,0,0,1,0,0,0,0,0,0,1,0,0,0.0
0,0,0,0,0,0,1,0,0,0.9720930232558139,0.0,0.5972602739726027,0,0.0,0,0,0,0,0,0,1,0,0,0,0,0,0,1,0,0,0.0
1,1,0,0,0,0,0,1,0,0.9767441860465116,0.0,0.5808219178082191,1,0.0,0,0,0,0,0,0,1,0,0,0,0,0,0,1,0,0,0.0
1,1,0,0,0,0,0,0,1,1.0,0.0,0.5082191780821917,1,0.0,0,0,0,0,0,0,1,0,0,0,0,0,0,1,0,0,0.0
0,0,1,0,0,0,0,0,0,0.9837209302325581,0.0,0.573972602739726,0,0.0,0,0,0,0,0,0,1,0,0,0,0,0,0,1,0,0,0.0
0,0,0,1,0,0,0,0,0,0.9906976744186046,0.0,0.5232876712328767,0,0.0,0,0,0,0,0,0,1,0,0,0,0,0,0,1,0,0,0.0
0,0,0,0,1,0,0,0,0,0.9837209302325581,0.0,0.4821917808219178,0,0.0,0,0,0,0,0,0,1,0,0,0,0,0,0,1,0,0,0.0
0,0,0,0,0,1,0,0,0,0.9604651162790697,0.0,0.5136986301369862,0,0.0,0,0,0,0,0,0,1,0,0,0,0,0,0,1,0,0,0.0
0,0,0,0,0,0,1,0,0,0.9720930232558139,0.0,0.5493150684931507,0,0.0,0,0,0,0,0,0,0,1,0,0,0,0,0,1,0,0,0.0
1,1,0,0,0,0,0,1,0,0.9906976744186046,0.0,0.5602739726027397,1,0.0,0,0,0,0,0,0,0,1,0,0,0,0,0,1,0,0,0.0
1,1,0,0,0,0,0,0,1,0.9023255813953488,0.21055004508566277,0.7726027397260273,1,0.0,0,0,0,0,0,0,0,1,0,0,0,0,0,1,0,0,0.0
0,0,1,0,0,0,0,0,0,0.9255813953488371,0.05139765554553652,0.7753424657534247,0,0.0,0,0,0,0,0,0,0,1,0,0,0,0,0,1,0,0,0.0
0,0,0,1,0,0,0,0,0,0.9465116279069767,0.0,0.6383561643835616,0,0.0,0,0,0,0,0,0,0,1,0,0,0,0,0,1,0,0,0.0
0,0,0,0,1,0,0,0,0,0.9162790697674419,0.008566275924256087,0.8205479452054794,0,0.0,0,0,0,0,0,0,0,1,0,0,0,0,0,1,0,0,0.0
0,0,0,0,0,1,0,0,0,0.9046511627906977,0.0,0.6863013698630136,0,0.0,0,0,0,0,0,0,0,1,0,0,0,0,0,1,0,0,0.0
0,0,0,0,0,0,1,0,0,0.872093023255814,0.0,0.6931506849315068,0,0.0,0,0,0,0,0,0,0,1,0,0,0,0,0,1,0,0,0.0
1,1,0,0,0,0,0,1,0,0.8302325581395349,0.003606853020739405,0.8931506849315067,1,0.0,0,0,0,0,0,0,0,1,0,0,0,0,0,1,0,0,0.0
1,1,0,0,0,0,0,0,1,0.8744186046511627,0.0,0.6726027397260275,1,0.0,0,0,0,0,0,0,0,1,0,0,0,0,0,1,0,0,0.0
0,0,1,0,0,0,0,0,0,0.8302325581395349,0.010369702434625788,0.8493150684931507,0,0.0,0,0,0,0,0,0,0,1,0,0,0,0,0,1,0,0,0.0
0,0,0,1,0,0,0,0,0,0.8302325581395349,0.0009017132551848513,0.8,0,0.0,0,0,0,0,0,0,0,1,0,0,0,0,0,1,0,0,0.0
0,0,0,0,1,0,0,0,0,0.8883720930232558,0.024346257889990983,0.843835616438356,0,0.0,0,0,0,0,0,0,0,1,0,0,0,0,0,1,0,0,0.0
0,0,0,0,0,1,0,0,0,0.927906976744186,0.0,0.6863013698630136,0,0.0,0,0,0,0,0,0,0,1,0,0,0,0,0,1,0,0,0.0
1,0,0,0,0,0,1,0,0,0.9372093023255813,0.0,0.7424657534246575,1,0.0,0,0,0,0,0,0,0,1,0,0,0,0,0,1,0,0,0.0
1,1,0,0,0,0,0,1,0,0.9302325581395349,0.0,0.6876712328767123,1,0.0,0,0,0,0,0,0,0,1,0,0,0,0,0,1,0,0,0.0
1,1,0,0,0,0,0,0,1,0.9209302325581394,0.0,0.710958904109589,1,0.0,0,0,0,0,0,0,0,1,0,0,0,0,0,1,0,0,0.0
0,0,1,0,0,0,0,0,0,0.9441860465116279,0.0,0.6369863013698631,0,0.0,0,0,0,0,0,0,0,1,0,0,0,0,0,1,0,0,0.0
0,0,0,1,0,0,0,0,0,0.9395348837209302,0.0,0.6657534246575343,0,0.0,0,0,0,0,0,0,0,1,0,0,0,0,0,1,0,0,0.0
0,0,0,0,1,0,0,0,0,0.9511627906976744,0.0,0.6369863013698631,0,0.0,0,0,0,0,0,0,0,1,0,0,0,0,0,1,0,0,0.0
0,0,0,0,0,1,0,0,0,0.9604651162790697,0.0,0.6287671232876711,0,0.0,0,0,0,0,0,0,0,1,0,0,0,0,0,1,0,0,0.0
0,0,0,0,0,0,1,0,0,0.958139534883721,0.0,0.6260273972602739,0,0.0,0,0,0,0,0,0,0,1,0,0,0,0,0,1,0,0,0.0
1,1,0,0,0,0,0,1,0,0.9441860465116279,0.0,0.6671232876712327,1,0.0,0,0,0,0,0,0,0,1,0,0,0,0,0,1,0,0,0.0
1,1,0,0,0,0,0,0,1,0.9767441860465116,0.0,0.5602739726027397,1,0.0,0,0,0,0,0,0,0,1,0,0,0,0,0,1,0,0,0.0
0,0,1,0,0,0,0,0,0,0.9697674418604652,0.0,0.6246575342465753,0,0.0,0,0,0,0,0,0,0,1,0,0,0,0,0,1,0,0,0.0
0,0,0,1,0,0,0,0,0,0.8744186046511627,0.1659152389540126,0.8575342465753424,0,0.0,0,0,0,0,0,0,0,1,0,0,0,0,0,1,0,0,0.0
0,0,0,0,1,0,0,0,0,0.8906976744186046,0.0,0.7191780821917808,0,0.0,0,0,0,0,0,0,0,1,0,0,0,0,0,1,0,0,0.0
0,0,0,0,0,1,0,0,0,0.9186046511627907,0.0,0.6630136986301369,0,0.0,0,0,0,0,0,0,0,1,0,0,0,0,0,1,0,0,0.0
0,0,0,0,0,0,1,0,0,0.9465116279069767,0.0,0.6849315068493151,0,0.0,0,0,0,0,0,0,0,1,0,0,0,0,0,1,0,0,0.0
1,1,0,0,0,0,0,1,0,0.9488372093023255,0.0,0.6520547945205479,1,0.0,0,0,0,0,0,0,0,1,0,0,0,0,0,1,0,0,0.0
1,1,0,0,0,0,0,0,1,0.913953488372093,0.0,0.7191780821917808,1,0.0,0,0,0,0,0,0,0,1,0,0,0,0,0,1,0,0,0.0
0,0,1,0,0,0,0,0,0,0.8883720930232558,0.033363390441839495,0.7945205479452055,0,0.0,0,0,0,0,0,0,0,0,1,0,0,0,0,0,1,0,0.0
0,0,0,1,0,0,0,0,0,0.8558139534883721,0.00045085662759242564,0.7547945205479452,0,0.0,0,0,0,0,0,0,0,0,1,0,0,0,0,0,1,0,0.0
0,0,0,0,1,0,0,0,0,0.8697674418604651,0.03967538322813346,0.7534246575342467,0,0.0,0,0,0,0,0,0,0,0,1,0,0,0,0,0,1,0,0.0
0,0,0,0,0,1,0,0,0,0.872093023255814,0.0018034265103697026,0.7904109589041095,0,0.0,0,0,0,0,0,0,0,0,1,0,0,0,0,0,1,0,0.0
0,0,0,0,0,0,1,0,0,0.9186046511627907,0.0,0.6561643835616437,0,0.0,0,0,0,0,0,0,0,0,1,0,0,0,0,0,1,0,0.0
1,1,0,0,0,0,0,1,0,0.9162790697674419,0.10504959422903516,0.710958904109589,1,0.0,0,0,0,0,0,0,0,0,1,0,0,0,0,0,1,0,0.0
1,1,0,0,0,0,0,0,1,0.8325581395348837,0.18530207394048692,0.9054794520547944,1,0.0,0,0,0,0,0,0,0,0,1,0,0,0,0,0,1,0,0.0
0,0,1,0,0,0,0,0,0,0.7813953488372093,0.0,0.8369863013698631,0,0.0,0,0,0,0,0,0,0,0,1,0,0,0,0,0,1,0,0.0
0,0,0,1,0,0,0,0,0,0.7395348837209301,0.03787195671776375,0.8383561643835615,0,0.0,0,0,0,0,0,0,0,0,1,0,0,0,0,0,1,0,0.0
0,0,0,0,1,0,0,0,0,0.8186046511627907,0.0,0.7397260273972603,0,0.0,0,0,0,0,0,0,0,0,1,0,0,0,0,0,1,0,0.0
0,0,0,0,0,1,0,0,0,0.8441860465116279,0.0,0.6191780821917807,0,0.0,0,0,0,0,0,0,0,0,1,0,0,0,0,0,1,0,0.0
0,0,0,0,0,0,1,0,0,0.7953488372093023,0.11000901713255185,0.806849315068493,0,0.0,0,0,0,0,0,0,0,0,1,0,0,0,0,0,1,0,0.0
1,1,0,0,0,0,0,1,0,0.8488372093023255,0.09062218214607755,0.8027397260273972,1,0.0,0,0,0,0,0,0,0,0,1,0,0,0,0,0,1,0,0.0
1,1,0,0,0,0,0,0,1,0.8534883720930232,0.0,0.7397260273972603,1,0.0,0,0,0,0,0,0,0,0,1,0,0,0,0,0,1,0,0.0
0,0,1,0,0,0,0,0,0,0.8534883720930232,0.0,0.7753424657534247,0,0.0,0,0,0,0,0,0,0,0,1,0,0,0,0,0,1,0,0.0
0,0,0,1,0,0,0,0,0,0.8651162790697674,0.2944093778178539,0.8712328767123287,0,0.0,0,0,0,0,0,0,0,0,1,0,0,0,0,0,1,0,0.0
0,0,0,0,1,0,0,0,0,0.8116279069767441,0.21956717763751127,0.9438356164383561,0,0.0,0,0,0,0,0,0,0,0,1,0,0,0,0,0,1,0,0.0
0,0,0,0,0,1,0,0,0,0.7744186046511627,0.0,0.7684931506849315,0,0.0,0,0,0,0,0,0,0,0,1,0,0,0,0,0,1,0,0.0
0,0,0,0,0,0,1,0,0,0.7372093023255815,0.027051397655545536,0.7315068493150685,0,0.0,0,0,0,0,0,0,0,0,1,0,0,0,0,0,1,0,0.0
1,1,0,0,0,0,0,1,0,0.7325581395348837,0.24165915238954014,0.9068493150684931,1,0.0,0,0,0,0,0,0,0,0,1,0,0,0,0,0,1,0,0.0
1,1,0,0,0,0,0,0,1,0.7674418604651163,0.0,0.6972602739726026,1,0.0,0,0,0,0,0,0,0,0,1,0,0,0,0,0,1,0,0.0
0,0,1,0,0,0,0,0,0,0.7581395348837209,0.0,0.5767123287671233,0,0.0,0,0,0,0,0,0,0,0,1,0,0,0,0,0,1,0,0.0
0,0,0,1,0,0,0,0,0,0.7837209302325582,0.0,0.4986301369863013,0,0.0,0,0,0,0,0,0,0,0,1,0,0,0,0,0,1,0,0.0
0,0,0,0,1,0,0,0,0,0.7976744186046512,0.05184851217312894,0.7794520547945205,0,0.0,0,0,0,0,0,0,0,0,1,0,0,0,0,0,1,0,0.0
0,0,0,0,0,1,0,0,0,0.7813953488372093,0.06672678088367899,0.9863013698630136,0,0.0,0,0,0,0,0,0,0,0,1,0,0,0,0,0,1,0,0.0
0,0,0,0,0,0,1,0,0,0.7604651162790698,0.0,0.8095890410958904,0,0.0,0,0,0,0,0,0,0,0,1,0,0,0,0,0,1,0,0.0
1,1,0,0,0,0,0,1,0,0.8023255813953488,0.0,0.7383561643835617,1,0.0,0,0,0,0,0,0,0,0,1,0,0,0,0,0,1,0,0.0
1,1,0,0,0,0,0,0,1,0.7395348837209301,0.12263300270513976,0.9712328767123286,1,0.0,0,0,0,0,0,0,0,0,1,0,0,0,0,0,1,0,0.0
0,0,1,0,0,0,0,0,0,0.7279069767441859,0.0,0.7616438356164383,0,0.0,0,0,0,0,0,0,0,0,1,0,0,0,0,0,1,0,0.0
0,0,0,1,0,0,0,0,0,0.713953488372093,0.0,0.758904109589041,0,0.0,0,0,0,0,0,0,0,0,1,0,0,0,0,0,1,0,0.0
0,0,0,0,1,0,0,0,0,0.7372093023255815,0.0,0.7054794520547947,0,0.0,0,0,0,0,0,0,0,0,0,1,0,0,0,0,1,0,0.0
0,0,0,0,0,1,0,0,0,0.741860465116279,0.0,0.7657534246575342,0,0.0,0,0,0,0,0,0,0,0,0,1,0,0,0,0,1,0,0.0
1,0,0,0,0,0,1,0,0,0.6953488372093023,0.0617673579801623,0.9479452054794519,1,0.0,0,0,0,0,0,0,0,0,0,1,0,0,0,0,1,0,0.0
1,1,0,0,0,0,0,1,0,0.7465116279069768,0.006762849413886384,0.9616438356164383,1,0.0,0,0,0,0,0,0,0,0,0,1,0,0,0,0,1,0,0.0
1,1,0,0,0,0,0,0,1,0.7697674418604651,0.0040577096483318306,0.9602739726027396,1,0.0,0,0,0,0,0,0,0,0,0,1,0,0,0,0,1,0,0.0
1,0,1,0,0,0,0,0,0,0.7279069767441859,0.1406672678088368,0.973972602739726,1,0.0,0,0,0,0,0,0,0,0,0,1,0,0,0,0,1,0,0.0
1,0,0,1,0,0,0,0,0,0.7279069767441859,0.058160504959422904,0.9780821917808218,1,0.0,0,0,0,0,0,0,0,0,0,1,0,0,0,0,1,0,0.0
1,0,0,0,1,0,0,0,0,0.7581395348837209,0.005861136158701533,0.9205479452054794,1,0.0,0,0,0,0,0,0,0,0,0,1,0,0,0,0,1,0,0.0
1,0,0,0,0,1,0,0,0,0.7558139534883721,0.0,0.7068493150684931,1,0.0,0,0,0,0,0,0,0,0,0,1,0,0,0,0,1,0,0.0
0,0,0,0,0,0,1,0,0,0.7651162790697674,0.0,0.6726027397260275,0,0.0,0,0,0,0,0,0,0,0,0,1,0,0,0,0,1,0,0.0
1,1,0,0,0,0,0,1,0,0.8023255813953488,0.0,0.6643835616438357,1,0.0,0,0,0,0,0,0,0,0,0,1,0,0,0,0,1,0,0.0
1,1,0,0,0,0,0,0,1,0.7511627906976743,0.003606853020739405,0.8753424657534246,1,0.0,0,0,0,0,0,0,0,0,0,1,0,0,0,0,1,0,0.0
0,0,1,0,0,0,0,0,0,0.6976744186046512,0.2628494138863841,0.9410958904109588,0,0.0,0,0,0,0,0,0,0,0,0,1,0,0,0,0,1,0,0.0
0,0,0,1,0,0,0,0,0,0.6906976744186046,0.02569882777276826,0.8821917808219177,0,0.0,0,0,0,0,0,0,0,0,0,1,0,0,0,0,1,0,0.0
0,0,0,0,1,0,0,0,0,0.7372093023255815,0.06357078449053201,0.758904109589041,0,0.0,0,0,0,0,0,0,0,0,0,1,0,0,0,0,1,0,0.0
0,0,0,0,0,1,0,0,0,0.7162790697674418,0.13796212804328223,0.8821917808219177,0,0.0,0,0,0,0,0,0,0,0,0,1,0,0,0,0,1,0,0.0
0,0,0,0,0,0,1,0,0,0.7255813953488373,0.09422903516681694,0.7863013698630137,0,0.0,0,0,0,0,0,0,0,0,0,1,0,0,0,0,1,0,0.0
1,1,0,0,0,0,0,1,0,0.6511627906976745,0.08701532912533815,0.9301369863013698,1,0.0,0,0,0,0,0,0,0,0,0,1,0,0,0,0,1,0,0.0
1,1,0,0,0,0,0,0,1,0.6441860465116279,0.0,0.747945205479452,1,0.0,0,0,0,0,0,0,0,0,0,1,0,0,0,0,1,0,0.0
0,0,1,0,0,0,0,0,0,0.5325581395348837,0.0,0.6493150684931507,0,0.0,0,0,0,0,0,0,0,0,0,1,0,0,0,0,1,0,0.0
0,0,0,1,0,0,0,0,0,0.527906976744186,0.0,0.6698630136986301,0,0.0,0,0,0,0,0,0,0,0,0,1,0,0,0,0,1,0,0.0
0,0,0,0,1,0,0,0,0,0.5767441860465117,0.0,0.7342465753424656,0,0.0,0,0,0,0,0,0,0,0,0,1,0,0,0,0,1,0,0.0
0,0,0,0,0,1,0,0,0,0.6325581395348837,0.0,0.7150684931506848,0,0.0,0,0,0,0,0,0,0,0,0,1,0,0,0,0,1,0,0.0
0,0,0,0,0,0,1,0,0,0.6302325581395348,0.0,0.7123287671232876,0,0.0,0,0,0,0,0,0,0,0,0,1,0,0,0,0,1,0,0.0
1,1,0,0,0,0,0,1,0,0.5976744186046512,0.0,0.721917808219178,1,0.0,0,0,0,0,0,0,0,0,0,1,0,0,0,0,1,0,0.0
1,1,0,0,0,0,0,0,1,0.5720930232558139,0.0,0.6917808219178083,1,0.0,0,0,0,0,0,0,0,0,0,1,0,0,0,0,1,0,0.0
0,0,1,0,0,0,0,0,0,0.48604651162790696,0.0,0.3972602739726028,0,0.0,0,0,0,0,0,0,0,0,0,1,0,0,0,0,1,0,0.0
0,0,0,1,0,0,0,0,0,0.4627906976744186,0.0,0.5328767123287671,0,0.0,0,0,0,0,0,0,0,0,0,1,0,0,0,0,1,0,0.0
0,0,0,0,1,0,0,0,0,0.4883720930232558,0.0,0.5904109589041096,0,0.0,0,0,0,0,0,0,0,0,0,1,0,0,0,0,1,0,0.0
0,0,0,0,0,1,0,0,0,0.5023255813953488,0.0,0.6972602739726026,0,0.0,0,0,0,0,0,0,0,0,0,1,0,0,0,0,1,0,0.0
0,0,0,0,0,0,1,0,0,0.5581395348837209,0.0,0.7054794520547947,0,0.0,0,0,0,0,0,0,0,0,0,1,0,0,0,0,1,0,0.0
1,1,0,0,0,0,0,1,0,0.5813953488372092,0.0027051397655545534,0.6109589041095891,1,0.0,0,0,0,0,0,0,0,0,0,0,1,0,0,0,1,0,0.0
1,1,0,0,0,0,0,0,1,0.48372093023255813,0.009467989179440937,0.5602739726027397,1,0.0,0,0,0,0,0,0,0,0,0,0,1,0,0,0,1,0,0.0
0,0,1,0,0,0,0,0,0,0.42790697674418604,0.0,0.5506849315068493,0,0.0,0,0,0,0,0,0,0,0,0,0,1,0,0,0,1,0,0.0
0,0,0,1,0,0,0,0,0,0.5093023255813953,0.0,0.6602739726027397,0,0.0,0,0,0,0,0,0,0,0,0,0,1,0,0,0,1,0,0.0
0,0,0,0,1,0,0,0,0,0.5069767441860464,0.0,0.7356164383561643,0,0.0,0,0,0,0,0,0,0,0,0,0,1,0,0,0,1,0,0.0
0,0,0,0,0,1,0,0,0,0.527906976744186,0.0,0.7534246575342467,0,0.0,0,0,0,0,0,0,0,0,0,0,1,0,0,0,1,0,0.0
0,0,0,0,0,0,1,0,0,0.5744186046511628,0.0,0.6739726027397259,0,0.0,0,0,0,0,0,0,0,0,0,0,1,0,0,0,1,0,0.0
1,1,0,0,0,0,0,1,0,0.5837209302325581,0.0018034265103697026,0.7315068493150685,1,0.0,0,0,0,0,0,0,0,0,0,0,1,0,0,0,1,0,0.0
1,1,0,0,0,0,0,0,1,0.5837209302325581,0.0,0.573972602739726,1,0.0,0,0,0,0,0,0,0,0,0,0,1,0,0,0,1,0,0.0
0,0,1,0,0,0,0,0,0,0.4720930232558139,0.0,0.2410958904109589,0,0.0,0,0,0,0,0,0,0,0,0,0,1,0,0,0,1,0,0.0
0,0,0,1,0,0,0,0,0,0.45581395348837206,0.0,0.4712328767123287,0,0.0,0,0,0,0,0,0,0,0,0,0,1,0,0,0,1,0,0.0
0,0,0,0,1,0,0,0,0,0.46976744186046515,0.0,0.6328767123287671,0,0.0,0,0,0,0,0,0,0,0,0,0,1,0,0,0,1,0,0.0
0,0,0,0,0,1,0,0,0,0.4813953488372093,0.0,0.6246575342465753,0,0.0,0,0,0,0,0,0,0,0,0,0,1,0,0,0,1,0,0.0
0,0,0,0,0,0,1,0,0,0.4627906976744186,0.0,0.5698630136986301,0,0.0,0,0,0,0,0,0,0,0,0,0,1,0,0,0,1,0,0.0
1,1,0,0,0,0,0,1,0,0.46976744186046515,0.0,0.5287671232876712,1,0.0,0,0,0,0,0,0,0,0,0,0,1,0,0,0,1,0,0.0
1,1,0,0,0,0,0,0,1,0.5255813953488372,0.0040577096483318306,0.5493150684931507,1,0.0,0,0,0,0,0,0,0,0,0,0,1,0,0,0,1,0,0.0
0,0,1,0,0,0,0,0,0,0.3953488372093023,0.0,0.3890410958904109,0,0.0,0,0,0,0,0,0,0,0,0,0,1,0,0,0,1,0,0.0
0,0,0,1,0,0,0,0,0,0.33488372093023255,0.0,0.3849315068493151,0,0.0,0,0,0,0,0,0,0,0,0,0,1,0,0,0,1,0,0.0
0,0,0,0,1,0,0,0,0,0.3674418604651163,0.0,0.4232876712328767,0,0.0,0,0,0,0,0,0,0,0,0,0,1,0,0,0,1,0,0.0
0,0,0,0,0,1,0,0,0,0.4627906976744186,0.0,0.5136986301369862,0,0.0,0,0,0,0,0,0,0,0,0,0,1,0,0,0,1,0,0.0
0,0,0,0,0,0,1,0,0,0.42790697674418604,0.0,0.4342465753424658,0,0.0,0,0,0,0,0,0,0,0,0,0,1,0,0,0,1,0,0.0
1,1,0,0,0,0,0,1,0,0.4418604651162791,0.0,0.5945205479452055,1,0.0,0,0,0,0,0,0,0,0,0,0,1,0,0,0,1,0,0.0
1,1,0,0,0,0,0,0,1,0.46976744186046515,0.0,0.6465753424657533,1,0.0,0,0,0,0,0,0,0,0,0,0,1,0,0,0,1,0,0.0
0,0,1,0,0,0,0,0,0,0.5441860465116279,0.0,0.6575342465753425,0,0.0,0,0,0,0,0,0,0,0,0,0,1,0,0,0,1,0,0.0
0,0,0,1,0,0,0,0,0,0.4511627906976744,0.031559963931469794,0.7054794520547947,0,0.0,0,0,0,0,0,0,0,0,0,0,1,0,0,0,1,0,0.0
0,0,0,0,1,0,0,0,0,0.4325581395348837,0.0,0.5424657534246575,0,0.0,0,0,0,0,0,0,0,0,0,0,1,0,0,0,1,0,0.0
0,0,0,0,0,1,0,0,0,0.38604651162790693,0.02750225428313796,0.7136986301369863,0,0.0,0,0,0,0,0,0,0,0,0,0,1,0,0,0,1,0,0.0
0,0,0,0,0,0,1,0,0,0.3511627906976744,0.0,0.3506849315068493,0,0.0,0,0,0,0,0,0,0,0,0,0,1,0,0,0,1,0,0.0
1,1,0,0,0,0,0,1,0,0.41860465116279066,0.0,0.5273972602739726,1,0.0,0,0,0,0,0,0,0,0,0,0,1,0,0,0,1,0,0.0
1,1,0,0,0,0,0,0,1,0.5883720930232559,0.0,0.6301369863013699,1,0.0,0,0,0,0,0,0,0,0,0,0,1,0,0,0,1,0,0.0
0,0,1,0,0,0,0,0,0,0.44883720930232557,0.0,0.34931506849315064,0,0.0,0,0,0,0,0,0,0,0,0,0,0,1,0,0,0,1,0.0
0,0,0,1,0,0,0,0,0,0.31627906976744186,0.0,0.26712328767123283,0,0.0,0,0,0,0,0,0,0,0,0,0,0,1,0,0,0,1,0.0
0,0,0,0,1,0,0,0,0,0.19069767441860463,0.0,0.34246575342465757,0,0.0,0,0,0,0,0,0,0,0,0,0,0,1,0,0,0,1,0.0
0,0,0,0,0,1,0,0,0,0.22790697674418603,0.004959422903516682,0.5027397260273972,0,0.0,0,0,0,0,0,0,0,0,0,0,0,1,0,0,0,1,0.0
0,0,0,0,0,0,1,0,0,0.2395348837209302,0.0,0.40958904109589034,0,0.0,0,0,0,0,0,0,0,0,0,0,0,1,0,0,0,1,0.0
1,1,0,0,0,0,0,1,0,0.3651162790697674,0.0,0.5424657534246575,1,0.0,0,0,0,0,0,0,0,0,0,0,0,1,0,0,0,1,0.0
1,1,0,0,0,0,0,0,1,0.5069767441860464,0.0,0.6835616438356165,1,0.0,0,0,0,0,0,0,0,0,0,0,0,1,0,0,0,1,0.0
0,0,1,0,0,0,0,0,0,0.37906976744186044,0.0,0.1287671232876712,0,0.0,0,0,0,0,0,0,0,0,0,0,0,1,0,0,0,1,0.0
0,0,0,1,0,0,0,0,0,0.31627906976744186,0.0,0.46438356164383554,0,0.0,0,0,0,0,0,0,0,0,0,0,0,1,0,0,0,1,0.0
0,0,0,0,1,0,0,0,0,0.3837209302325581,0.0,0.5767123287671233,0,0.0,0,0,0,0,0,0,0,0,0,0,0,1,0,0,0,1,0.0
0,0,0,0,0,1,0,0,0,0.38139534883720927,0.031109107303877368,0.6506849315068494,0,0.0,0,0,0,0,0,0,0,0,0,0,0,1,0,0,0,1,0.0
0,0,0,0,0,0,1,0,0,0.3372093023255814,0.0,0.4712328767123287,0,0.0,0,0,0,0,0,0,0,0,0,0,0,1,0,0,0,1,0.0
1,1,0,0,0,0,0,1,0,0.34883720930232553,0.045085662759242556,0.7945205479452055,1,0.0,0,0,0,0,0,0,0,0,0,0,0,1,0,0,0,1,0.0
1,1,0,0,0,0,0,0,1,0.2906976744186046,0.0,0.7342465753424656,1,0.0,0,0,0,0,0,0,0,0,0,0,0,1,0,0,0,1,0.0
0,0,1,0,0,0,0,0,0,0.3069767441860465,0.0,0.7328767123287672,0,0.0,0,0,0,0,0,0,0,0,0,0,0,1,0,0,0,1,0.0
0,0,0,1,0,0,0,0,0,0.39767441860465114,0.0,0.7493150684931507,0,0.0,0,0,0,0,0,0,0,0,0,0,0,1,0,0,0,1,0.0
0,0,0,0,1,0,0,0,0,0.38604651162790693,0.0,0.6027397260273973,0,0.0,0,0,0,0,0,0,0,0,0,0,0,1,0,0,0,1,0.0
0,0,0,0,0,1,0,0,0,0.3209302325581395,0.0,0.5260273972602739,0,0.0,0,0,0,0,0,0,0,0,0,0,0,1,0,0,0,1,0.0
0,0,0,0,0,0,1,0,0,0.3744186046511628,0.0,0.6027397260273973,0,0.0,0,0,0,0,0,0,0,0,0,0,0,1,0,0,0,1,0.0
1,1,0,0,0,0,0,1,0,0.44418604651162785,0.012623985572587915,0.7931506849315069,1,0.0,0,0,0,0,0,0,0,0,0,0,0,1,0,0,0,1,0.0
1,1,0,0,0,0,0,0,1,0.2627906976744186,0.0,0.28219178082191787,1,0.0,0,0,0,0,0,0,0,0,0,0,0,1,0,0,0,1,0.0
0,0,1,0,0,0,0,0,0,0.2534883720930232,0.0,0.4273972602739726,0,0.0,0,0,0,0,0,0,0,0,0,0,0,1,0,0,0,1,0.0
0,0,0,1,0,0,0,0,0,0.30465116279069765,0.04914337240757439,0.7191780821917808,0,0.0,0,0,0,0,0,0,0,0,0,0,0,1,0,0,0,1,0.0
0,0,0,0,1,0,0,0,0,0.3255813953488372,0.013976555455365193,0.8767123287671232,0,0.0,0,0,0,0,0,0,0,0,0,0,0,1,0,0,0,1,0.0
1,0,0,0,0,1,0,0,0,0.2255813953488372,0.0,0.5397260273972603,1,0.0,0,0,0,0,0,0,0,0,0,0,0,1,0,0,0,1,0.0
0,0,0,0,0,0,1,0,0,0.1209302325581395,0.0,0.23972602739726023,0,0.0,0,0,0,0,0,0,0,0,0,0,0,1,0,0,0,1,0.0
1,1,0,0,0,0,0,1,0,0.213953488372093,0.00045085662759242564,0.6150684931506849,1,0.0,0,0,0,0,0,0,0,0,0,0,0,1,0,0,0,1,0.0
1,1,0,0,0,0,0,0,1,0.34883720930232553,0.0,0.7273972602739727,1,0.0,0,0,0,0,0,0,0,0,0,0,0,1,0,0,0,1,0.0
0,0,1,0,0,0,0,0,0,0.3883720930232558,0.004508566275924256,0.7534246575342467,0,0.0,0,0,0,0,0,0,0,0,0,0,0,1,0,0,0,1,0.0
0,0,0,1,0,0,0,0,0,0.27441860465116275,0.0,0.3082191780821918,0,0.0,0,0,0,0,0,0,0,0,0,0,0,1,0,0,0,1,0.0
0,0,0,0,1,0,0,0,0,0.18604651162790697,0.0,0.2794520547945205,0,0.0,0,0,0,0,0,0,0,0,0,0,0,1,0,0,0,1,0.0
1,0,0,0,0,1,0,0,0,0.1209302325581395,0.0,0.2410958904109589,1,0.0,1,0,0,0,0,0,0,0,0,0,0,0,0,0,0,1,0.0
0,0,0,0,0,0,1,0,0,0.1209302325581395,0.0,0.39315068493150684,0,0.0,1,0,0,0,0,0,0,0,0,0,0,0,0,0,0,1,0.0
1,1,0,0,0,0,0,1,0,0.19767441860465115,0.0,0.5561643835616439,1,0.0,1,0,0,0,0,0,0,0,0,0,0,0,0,0,0,1,0.0
1,1,0,0,0,0,0,0,1,0.32325581395348835,0.0,0.5219178082191781,1,0.0,1,0,0,0,0,0,0,0,0,0,0,0,0,0,0,1,0.0
0,0,1,0,0,0,0,0,0,0.26046511627906976,0.0,0.3794520547945206,0,0.0,1,0,0,0,0,0,0,0,0,0,0,0,0,0,0,1,0.0
0,0,0,1,0,0,0,0,0,0.24883720930232556,0.0,0.32191780821917804,0,0.0,1,0,0,0,0,0,0,0,0,0,0,0,0,0,0,1,0.0
0,0,0,0,1,0,0,0,0,0.29534883720930233,0.0,0.41369863013698627,0,0.0,1,0,0,0,0,0,0,0,0,0,0,0,0,0,0,1,0.0
0,0,0,0,0,1,0,0,0,0.18139534883720929,0.0,0.18356164383561646,0,0.0,1,0,0,0,0,0,0,0,0,0,0,0,0,0,0,1,0.0
0,0,0,0,0,0,1,0,0,0.2930232558139535,0.0,0.42602739726027394,0,0.0,1,0,0,0,0,0,0,0,0,0,0,0,0,0,0,1,0.0
1,1,0,0,0,0,0,1,0,0.3558139534883721,0.004959422903516682,0.4164383561643835,1,0.0,1,0,0,0,0,0,0,0,0,0,0,0,0,0,0,1,0.0
1,1,0,0,0,0,0,0,1,0.14883720930232558,0.0,0.32739726027397253,1,0.0,1,0,0,0,0,0,0,0,0,0,0,0,0,0,0,1,0.0
0,0,1,0,0,0,0,0,0,0.23023255813953486,0.005861136158701533,0.6027397260273973,0,0.0,1,0,0,0,0,0,0,0,0,0,0,0,0,0,0,1,0.0
0,0,0,1,0,0,0,0,0,0.27674418604651163,0.0013525698827772767,0.3958904109589041,0,0.0,1,0,0,0,0,0,0,0,0,0,0,0,0,0,0,1,0.0
0,0,0,0,1,0,0,0,0,0.24186046511627907,0.0,0.24520547945205473,0,0.0,1,0,0,0,0,0,0,0,0,0,0,0,0,0,0,1,0.0
0,0,0,0,0,1,0,0,0,0.44883720930232557,0.0,0.6698630136986301,0,0.0,1,0,0,0,0,0,0,0,0,0,0,0,0,0,0,1,0.0
0,0,0,0,0,0,1,0,0,0.3255813953488372,0.0,0.7753424657534247,0,0.0,1,0,0,0,0,0,0,0,0,0,0,0,0,0,0,1,0.0
1,1,0,0,0,0,0,1,0,0.32325581395348835,0.0,0.46849315068493147,1,0.0,1,0,0,0,0,0,0,0,0,0,0,0,0,0,0,1,0.0
1,1,0,0,0,0,0,0,1,0.3023255813953488,0.0,0.452054794520548,1,0.0,1,0,0,0,0,0,0,0,0,0,0,0,0,0,0,1,0.0
0,0,1,0,0,0,0,0,0,0.24186046511627907,0.0027051397655545534,0.48082191780821915,0,0.0,1,0,0,0,0,0,0,0,0,0,0,0,0,0,0,1,0.0
0,0,0,1,0,0,0,0,0,0.11627906976744184,0.0,0.27260273972602733,0,0.0,1,0,0,0,0,0,0,0,0,0,0,0,0,0,0,1,0.0
0,0,0,0,1,0,0,0,0,0.1,0.0,0.4438356164383561,0,0.0,1,0,0,0,0,0,0,0,0,0,0,0,0,0,0,1,0.0
0,0,0,0,0,1,0,0,0,0.10465116279069764,0.0,0.4,0,0.0,1,0,0,0,0,0,0,0,0,0,0,0,0,0,0,1,0.0
0,0,0,0,0,0,1,0,0,0.1767441860465116,0.0,0.5671232876712329,0,0.0,1,0,0,0,0,0,0,0,0,0,0,0,0,0,0,1,0.0
1,1,0,0,0,0,0,1,0,0.1953488372093023,0.0040577096483318306,0.40273972602739727,1,0.0,1,0,0,0,0,0,0,0,0,0,0,0,0,0,0,1,0.0
1,1,0,0,0,0,0,0,1,0.17209302325581394,0.0,0.26712328767123283,1,0.0,1,0,0,0,0,0,0,0,0,0,0,0,0,0,0,1,0.0
0,0,1,0,0,0,0,0,0,0.18372093023255812,0.0,0.4438356164383561,0,0.0,1,0,0,0,0,0,0,0,0,0,0,0,0,0,0,1,0.0
0,0,0,1,0,0,0,0,0,0.22325581395348837,0.0,0.32191780821917804,0,0.0,1,0,0,0,0,0,0,0,0,0,0,0,0,0,0,1,0.0
0,0,0,0,1,0,0,0,0,0.17209302325581394,0.0,0.15753424657534248,0,0.0,1,0,0,0,0,0,0,0,0,0,0,0,0,0,0,1,0.0
0,0,0,0,0,1,0,0,0,0.1953488372093023,0.0,0.23835616438356166,0,0.0,1,0,0,0,0,0,0,0,0,0,0,0,0,0,0,1,0.0
0,0,0,0,0,0,1,0,0,0.15813953488372093,0.0,0.2136986301369863,0,0.0,1,0,0,0,0,0,0,0,0,0,0,0,0,0,0,1,0.0
1,1,0,0,0,0,0,1,0,0.18139534883720929,0.0,0.3369863013698631,1,0.0,1,0,0,0,0,0,0,0,0,0,0,0,0,0,0,1,0.0
1,1,0,0,0,0,0,0,1,0.24186046511627907,0.00045085662759242564,0.36438356164383556,1,0.0,0,1,0,0,0,0,0,0,0,0,0,0,0,0,0,1,0.0
0,0,1,0,0,0,0,0,0,0.2209302325581395,0.010820559062218214,0.5534246575342465,0,0.0,0,1,0,0,0,0,0,0,0,0,0,0,0,0,0,1,0.0
0,0,0,1,0,0,0,0,0,0.2534883720930232,0.0,0.5356164383561643,0,0.0,0,1,0,0,0,0,0,0,0,0,0,0,0,0,0,1,0.0
0,0,0,0,1,0,0,0,0,0.313953488372093,0.0,0.6013698630136985,0,0.0,0,1,0,0,0,0,0,0,0,0,0,0,0,0,0,1,0.0
0,0,0,0,0,1,0,0,0,0.3767441860465116,0.0,0.573972602739726,0,0.0,0,1,0,0,0,0,0,0,0,0,0,0,0,0,0,1,0.0
0,0,0,0,0,0,1,0,0,0.19767441860465115,0.0,0.1917808219178082,0,0.0,0,1,0,0,0,0,0,0,0,0,0,0,0,0,0,1,0.0
1,1,0,0,0,0,0,1,0,0.1325581395348837,0.0,0.21095890410958906,1,0.0,0,1,0,0,0,0,0,0,0,0,0,0,0,0,0,1,0.0
1,1,0,0,0,0,0,0,1,0.10930232558139533,0.0,0.3561643835616438,1,0.0,0,1,0,0,0,0,0,0,0,0,0,0,0,0,0,1,0.0
0,0,1,0,0,0,0,0,0,0.21860465116279068,0.0,0.4232876712328767,0,0.0,0,1,0,0,0,0,0,0,0,0,0,0,0,0,0,1,0.0
0,0,0,1,0,0,0,0,0,0.3,0.0,0.6397260273972601,0,0.0,0,1,0,0,0,0,0,0,0,0,0,0,0,0,0,1,0.0
0,0,0,0,1,0,0,0,0,0.3372093023255814,0.0,0.678082191780822,0,0.0,0,1,0,0,0,0,0,0,0,0,0,0,0,0,0,1,0.0
0,0,0,0,0,1,0,0,0,0.3255813953488372,0.0,0.5082191780821917,0,0.0,0,1,0,0,0,0,0,0,0,0,0,0,0,0,0,1,0.0
0,0,0,0,0,0,1,0,0,0.37209302325581395,0.0,0.5616438356164384,0,0.0,0,1,0,0,0,0,0,0,0,0,0,0,0,0,0,1,0.0
1,1,0,0,0,0,0,1,0,0.41860465116279066,0.0,0.6698630136986301,1,0.0,0,1,0,0,0,0,0,0,0,0,0,0,0,0,0,1,0.0
1,1,0,0,0,0,0,0,1,0.39999999999999997,0.0,0.5,1,0.0,0,1,0,0,0,0,0,0,0,0,0,0,0,0,0,1,0.0
0,0,1,0,0,0,0,0,0,0.313953488372093,0.0,0.29315068493150687,0,0.0,0,1,0,0,0,0,0,0,0,0,0,0,0,0,0,1,0.0
0,0,0,1,0,0,0,0,0,0.3093023255813953,0.0,0.3890410958904109,0,0.0,0,1,0,0,0,0,0,0,0,0,0,0,0,0,0,1,0.0
0,0,0,0,1,0,0,0,0,0.34651162790697676,0.0,0.3369863013698631,0,0.0,0,1,0,0,0,0,0,0,0,0,0,0,0,0,0,1,0.0
0,0,0,0,0,1,0,0,0,0.313953488372093,0.0,0.32191780821917804,0,0.0,0,1,0,0,0,0,0,0,0,0,0,0,0,0,0,1,0.0
0,0,0,0,0,0,1,0,0,0.3953488372093023,0.0,0.3369863013698631,0,0.0,0,1,0,0,0,0,0,0,0,0,0,0,0,0,0,1,0.0
1,1,0,0,0,0,0,1,0,0.5116279069767442,0.0,0.27671232876712326,1,0.0,0,1,0,0,0,0,0,0,0,0,0,0,0,0,0,1,0.0
1,1,0,0,0,0,0,0,1,0.48372093023255813,0.0,0.2794520547945205,1,0.0,0,1,0,0,0,0,0,0,0,0,0,0,0,0,0,1,0.0
0,0,1,0,0,0,0,0,0,0.33488372093023255,0.0,0.10136986301369866,0,0.0,0,1,0,0,0,0,0,0,0,0,0,0,0,0,0,1,0.0
0,0,0,1,0,0,0,0,0,0.2837209302325581,0.04192966636609558,0.6438356164383562,0,0.0,0,1,0,0,0,0,0,0,0,0,0,0,0,0,0,1,0.0
0,0,0,0,1,0,0,0,0,0.4116279069767442,0.0,0.5780821917808219,0,0.0,0,1,0,0,0,0,0,0,0,0,0,0,0,0,0,1,0.0
0,0,0,0,0,1,0,0,0,0.44418604651162785,0.0,0.5095890410958904,0,0.0,0,1,0,0,0,0,0,0,0,0,0,0,0,0,0,1,0.0
0,0,0,0,0,0,1,0,0,0.45581395348837206,0.0,0.6013698630136985,0,0.0,0,1,0,0,0,0,0,0,0,0,0,0,0,0,0,1,0.0
1,1,0,0,0,0,0,1,0,0.44883720930232557,0.0,0.5287671232876712,1,0.0,0,1,0,0,0,0,0,0,0,0,0,0,0,0,0,1,0.0
1,1,0,0,0,0,0,0,1,0.4651162790697674,0.0,0.4506849315068493,1,0.0,0,0,1,0,0,0,0,0,0,0,0,0,1,0,0,0,0.0
0,0,1,0,0,0,0,0,0,0.4023255813953488,0.07889990982867448,0.7657534246575342,0,0.0,0,0,1,0,0,0,0,0,0,0,0,0,1,0,0,0,0.0
0,0,0,1,0,0,0,0,0,0.4255813953488372,0.00045085662759242564,0.6356164383561643,0,0.0,0,0,1,0,0,0,0,0,0,0,0,0,1,0,0,0,0.0
0,0,0,0,1,0,0,0,0,0.41627906976744183,0.0,0.43150684931506844,0,0.0,0,0,1,0,0,0,0,0,0,0,0,0,1,0,0,0,0.0
0,0,0,0,0,1,0,0,0,0.4372093023255814,0.031559963931469794,0.6150684931506849,0,0.0,0,0,1,0,0,0,0,0,0,0,0,0,1,0,0,0,0.0
0,0,0,0,0,0,1,0,0,0.31162790697674414,0.032912533814247066,0.7136986301369863,0,0.0,0,0,1,0,0,0,0,0,0,0,0,0,1,0,0,0,0.0
1,1,0,0,0,0,0,1,0,0.3,0.0,0.36438356164383556,1,0.0,0,0,1,0,0,0,0,0,0,0,0,0,1,0,0,0,0.0
1,1,0,0,0,0,0,0,1,0.31627906976744186,0.0,0.3082191780821918,1,0.0,0,0,1,0,0,0,0,0,0,0,0,0,1,0,0,0,0.0
0,0,1,0,0,0,0,0,0,0.3302325581395349,0.0,0.4383561643835616,0,0.0,0,0,1,0,0,0,0,0,0,0,0,0,1,0,0,0,0.0
0,0,0,1,0,0,0,0,0,0.34883720930232553,0.0,0.4342465753424658,0,0.0,0,0,1,0,0,0,0,0,0,0,0,0,1,0,0,0,0.0
0,0,0,0,1,0,0,0,0,0.37906976744186044,0.0,0.3904109589041096,0,0.0,0,0,1,0,0,0,0,0,0,0,0,0,1,0,0,0,0.0
0,0,0,0,0,1,0,0,0,0.4232558139534883,0.0,0.4657534246575342,0,0.0,0,0,1,0,0,0,0,0,0,0,0,0,1,0,0,0,0.0
0,0,0,0,0,0,1,0,0,0.4372093023255814,0.0,0.3013698630136986,0,0.0,0,0,1,0,0,0,0,0,0,0,0,0,1,0,0,0,0.0
1,1,0,0,0,0,0,1,0,0.4418604651162791,0.0,0.2863013698630137,1,0.0,0,0,1,0,0,0,0,0,0,0,0,0,1,0,0,0,0.0
1,1,0,0,0,0,0,0,1,0.40930232558139534,0.0,0.5753424657534247,1,0.0,0,0,1,0,0,0,0,0,0,0,0,0,1,0,0,0,0.0
0,0,1,0,0,0,0,0,0,0.4395348837209302,0.0,0.5,0,0.0,0,0,1,0,0,0,0,0,0,0,0,0,1,0,0,0,0.0
0,0,0,1,0,0,0,0,0,0.4813953488372093,0.0,0.2972602739726028,0,0.0,0,0,1,0,0,0,0,0,0,0,0,0,1,0,0,0,0.0
0,0,0,0,1,0,0,0,0,0.40930232558139534,0.04283137962128043,0.8684931506849314,0,0.0,0,0,1,0,0,0,0,0,0,0,0,0,1,0,0,0,0.0
0,0,0,0,0,1,0,0,0,0.4046511627906977,0.0,0.36575342465753424,0,0.0,0,0,1,0,0,0,0,0,0,0,0,0,1,0,0,0,0.0
0,0,0,0,0,0,1,0,0,0.4255813953488372,0.0,0.45342465753424654,0,0.0,0,0,1,0,0,0,0,0,0,0,0,0,1,0,0,0,0.0
1,1,0,0,0,0,0,1,0,0.4720930232558139,0.0,0.3726027397260274,1,0.0,0,0,1,0,0,0,0,0,0,0,0,0,1,0,0,0,0.0
1,1,0,0,0,0,0,0,1,0.5116279069767442,0.0,0.16027397260273973,1,0.0,0,0,1,0,0,0,0,0,0,0,0,0,1,0,0,0,0.0
0,0,1,0,0,0,0,0,0,0.5395348837209302,0.0,0.15205479452054793,0,0.0,0,0,1,0,0,0,0,0,0,0,0,0,1,0,0,0,0.0
0,0,0,1,0,0,0,0,0,0.5767441860465117,0.0,0.2753424657534247,0,0.0,0,0,1,0,0,0,0,0,0,0,0,0,1,0,0,0,0.0
0,0,0,0,1,0,0,0,0,0.5744186046511628,0.0,0.3506849315068493,0,0.0,0,0,1,0,0,0,0,0,0,0,0,0,1,0,0,0,0.0
0,0,0,0,0,1,0,0,0,0.569767441860465,0.0,0.3616438356164383,0,0.0,0,0,1,0,0,0,0,0,0,0,0,0,1,0,0,0,0.0
0,0,0,0,0,0,1,0,0,0.5744186046511628,0.0,0.3136986301369863,0,0.0,0,0,1,0,0,0,0,0,0,0,0,0,1,0,0,0,0.0
1,1,0,0,0,0,0,1,0,0.5720930232558139,0.0,0.363013698630137,1,0.0,0,0,1,0,0,0,0,0,0,0,0,0,1,0,0,0,0.0
1,1,0,0,0,0,0,0,1,0.5883720930232559,0.0,0.1972602739726027,1,0.0,0,0,1,0,0,0,0,0,0,0,0,0,1,0,0,0,0.0
0,0,1,0,0,0,0,0,0,0.5651162790697675,0.0509467989179441,0.5068493150684932,0,0.0,0,0,1,0,0,0,0,0,0,0,0,0,1,0,0,0,0.0
0,0,0,1,0,0,0,0,0,0.5906976744186047,0.0775473399458972,0.6561643835616437,0,0.0,0,0,1,0,0,0,0,0,0,0,0,0,1,0,0,0,0.0
0,0,0,0,1,0,0,0,0,0.5744186046511628,0.0,0.5082191780821917,0,0.0,0,0,0,1,0,0,0,0,0,0,0,0,1,0,0,0,0.0
0,0,0,0,0,1,0,0,0,0.5348837209302325,0.0,0.410958904109589,0,0.0,0,0,0,1,0,0,0,0,0,0,0,0,1,0,0,0,0.0
0,0,0,0,0,0,1,0,0,0.6046511627906976,0.0,0.452054794520548,0,0.0,0,0,0,1,0,0,0,0,0,0,0,0,1,0,0,0,0.0
1,1,0,0,0,0,0,1,0,0.5325581395348837,0.15238954012623984,0.8479452054794521,1,0.0,0,0,0,1,0,0,0,0,0,0,0,0,1,0,0,0,0.0
1,1,0,0,0,0,0,0,1,0.5348837209302325,0.0,0.40958904109589034,1,0.0,0,0,0,1,0,0,0,0,0,0,0,0,1,0,0,0,0.0
0,0,1,0,0,0,0,0,0,0.4976744186046511,0.032912533814247066,0.721917808219178,0,0.0,0,0,0,1,0,0,0,0,0,0,0,0,1,0,0,0,0.0
0,0,0,1,0,0,0,0,0,0.45581395348837206,0.0,0.17260273972602747,0,0.0,0,0,0,1,0,0,0,0,0,0,0,0,1,0,0,0,0.0
0,0,0,0,1,0,0,0,0,0.5046511627906977,0.0,0.20547945205479456,0,0.0,0,0,0,1,0,0,0,0,0,0,0,0,1,0,0,0,0.0
0,0,0,0,0,1,0,0,0,0.5186046511627906,0.06537421100090171,0.7136986301369863,0,0.0,0,0,0,1,0,0,0,0,0,0,0,0,1,0,0,0,0.0
0,0,0,0,0,0,1,0,0,0.5116279069767442,0.01848512173128945,0.9068493150684931,0,0.0,0,0,0,1,0,0,0,0,0,0,0,0,1,0,0,0,0.0
1,1,0,0,0,0,0,1,0,0.5790697674418605,0.0,0.6698630136986301,1,0.0,0,0,0,1,0,0,0,0,0,0,0,0,1,0,0,0,0.0
1,1,0,0,0,0,0,0,1,0.6325581395348837,0.0,0.3972602739726028,1,0.0,0,0,0,1,0,0,0,0,0,0,0,0,1,0,0,0,0.0
0,0,1,0,0,0,0,0,0,0.7069767441860465,0.0,0.1876712328767124,0,0.0,0,0,0,1,0,0,0,0,0,0,0,0,1,0,0,0,0.0
0,0,0,1,0,0,0,0,0,0.6953488372093023,0.0,0.2082191780821918,0,0.0,0,0,0,1,0,0,0,0,0,0,0,0,1,0,0,0,0.0
0,0,0,0,1,0,0,0,0,0.7069767441860465,0.0,0.26712328767123283,0,0.0,0,0,0,1,0,0,0,0,0,0,0,0,1,0,0,0,0.0
0,0,0,0,0,1,0,0,0,0.7279069767441859,0.0,0.1095890410958904,0,0.0,0,0,0,1,0,0,0,0,0,0,0,0,1,0,0,0,0.0
0,0,0,0,0,0,1,0,0,0.613953488372093,0.006311992786293958,0.4452054794520548,0,0.0,0,0,0,1,0,0,0,0,0,0,0,0,1,0,0,0,0.0
1,1,0,0,0,0,0,1,0,0.6837209302325581,0.0,0.4780821917808219,1,0.0,0,0,0,1,0,0,0,0,0,0,0,0,1,0,0,0,0.0
1,1,0,0,0,0,0,0,1,0.7302325581395348,0.0,0.40958904109589034,1,0.0,0,0,0,1,0,0,0,0,0,0,0,0,1,0,0,0,0.0
0,0,1,0,0,0,0,0,0,0.5744186046511628,0.0009017132551848513,0.5753424657534247,0,0.0,0,0,0,1,0,0,0,0,0,0,0,0,1,0,0,0,0.0
0,0,0,1,0,0,0,0,0,0.5744186046511628,0.0,0.2136986301369863,0,0.0,0,0,0,1,0,0,0,0,0,0,0,0,1,0,0,0,0.0
0,0,0,0,1,0,0,0,0,0.6,0.0,0.2191780821917808,0,0.0,0,0,0,1,0,0,0,0,0,0,0,0,1,0,0,0,0.0
0,0,0,0,0,1,0,0,0,0.6465116279069767,0.0,0.17945205479452053,0,0.0,0,0,0,1,0,0,0,0,0,0,0,0,1,0,0,0,0.0
0,0,0,0,0,0,1,0,0,0.6534883720930232,0.0,0.063013698630137,0,0.0,0,0,0,1,0,0,0,0,0,0,0,0,1,0,0,0,0.0
1,1,0,0,0,0,0,1,0,0.6767441860465115,0.0,0.16301369863013698,1,0.0,0,0,0,1,0,0,0,0,0,0,0,0,1,0,0,0,0.0
1,1,0,0,0,0,0,0,1,0.6674418604651162,0.0,0.16027397260273973,1,0.0,0,0,0,1,0,0,0,0,0,0,0,0,1,0,0,0,0.0
0,0,1,0,0,0,0,0,0,0.6697674418604651,0.0,0.14657534246575343,0,0.0,0,0,0,1,0,0,0,0,0,0,0,0,1,0,0,0,0.0
0,0,0,1,0,0,0,0,0,0.6069767441860465,0.0,0.36438356164383556,0,0.0,0,0,0,1,0,0,0,0,0,0,0,0,1,0,0,0,0.0
0,0,0,0,1,0,0,0,0,0.5953488372093023,0.0,0.3917808219178083,0,0.0,0,0,0,1,0,0,0,0,0,0,0,0,1,0,0,0,0.0
0,0,0,0,0,1,0,0,0,0.641860465116279,0.0,0.2534246575342466,0,0.0,0,0,0,1,0,0,0,0,0,0,0,0,1,0,0,0,0.0
0,0,0,0,0,0,1,0,0,0.6534883720930232,0.0,0.2479452054794521,0,0.0,0,0,0,0,1,0,0,0,0,0,0,0,1,0,0,0,0.0
1,1,0,0,0,0,0,1,0,0.6790697674418604,0.0,0.4273972602739726,1,0.0,0,0,0,0,1,0,0,0,0,0,0,0,1,0,0,0,0.0
1,1,0,0,0,0,0,0,1,0.5627906976744186,0.0775473399458972,0.9301369863013698,1,0.0,0,0,0,0,1,0,0,0,0,0,0,0,1,0,0,0,0.0
0,0,1,0,0,0,0,0,0,0.5953488372093023,0.0,0.3780821917808219,0,0.0,0,0,0,0,1,0,0,0,0,0,0,0,1,0,0,0,0.0
1,0,0,1,0,0,0,0,0,0.6116279069767442,0.0,0.33835616438356164,1,0.0,0,0,0,0,1,0,0,0,0,0,0,0,1,0,0,0,0.0
0,0,0,0,1,0,0,0,0,0.6651162790697673,0.0,0.3835616438356164,0,0.0,0,0,0,0,1,0,0,0,0,0,0,0,1,0,0,0,0.0
0,0,0,0,0,1,0,0,0,0.6511627906976745,0.00045085662759242564,0.5479452054794521,0,0.0,0,0,0,0,1,0,0,0,0,0,0,0,1,0,0,0,0.0
0,0,0,0,0,0,1,0,0,0.6302325581395348,0.0,0.2698630136986302,0,0.0,0,0,0,0,1,0,0,0,0,0,0,0,1,0,0,0,0.0
1,1,0,0,0,0,0,1,0,0.6395348837209303,0.0,0.31643835616438354,1,0.0,0,0,0,0,1,0,0,0,0,0,0,0,1,0,0,0,0.0
1,1,0,0,0,0,0,0,1,0.686046511627907,0.0,0.3356164383561644,1,0.0,0,0,0,0,1,0,0,0,0,0,0,0,1,0,0,0,0.0
0,0,1,0,0,0,0,0,0,0.7023255813953488,0.00045085662759242564,0.5671232876712329,0,0.0,0,0,0,0,1,0,0,0,0,0,0,0,1,0,0,0,0.0
0,0,0,1,0,0,0,0,0,0.6651162790697673,0.10369702434625788,0.904109589041096,0,0.0,0,0,0,0,1,0,0,0,0,0,0,0,1,0,0,0,0.0
0,0,0,0,1,0,0,0,0,0.7302325581395348,0.0,0.5945205479452055,0,0.0,0,0,0,0,1,0,0,0,0,0,0,0,1,0,0,0,0.0
0,0,0,0,0,1,0,0,0,0.8023255813953488,0.0,0.42054794520547945,0,0.0,0,0,0,0,1,0,0,0,0,0,0,0,1,0,0,0,0.0
0,0,0,0,0,0,1,0,0,0.8046511627906976,0.0,0.3575342465753425,0,0.0,0,0,0,0,1,0,0,0,0,0,0,0,1,0,0,0,0.0
1,1,0,0,0,0,0,1,0,0.7953488372093023,0.0,0.3890410958904109,1,0.0,0,0,0,0,1,0,0,0,0,0,0,0,1,0,0,0,0.0
1,1,0,0,0,0,0,0,1,0.7930232558139535,0.0,0.37671232876712324,1,0.0,0,0,0,0,1,0,0,0,0,0,0,0,1,0,0,0,0.0
0,0,1,0,0,0,0,0,0,0.8046511627906976,0.0,0.3561643835616438,0,0.0,0,0,0,0,1,0,0,0,0,0,0,0,1,0,0,0,0.0
0,0,0,1,0,0,0,0,0,0.7813953488372093,0.0,0.3575342465753425,0,0.0,0,0,0,0,1,0,0,0,0,0,0,0,1,0,0,0,0.0
0,0,0,0,1,0,0,0,0,0.6465116279069767,0.33363390441839497,0.9109589041095891,0,0.0,0,0,0,0,1,0,0,0,0,0,0,0,1,0,0,0,0.0
0,0,0,0,0,1,0,0,0,0.672093023255814,0.013976555455365193,0.9397260273972603,0,0.0,0,0,0,0,1,0,0,0,0,0,0,0,1,0,0,0,0.0
0,0,0,0,0,0,1,0,0,0.7511627906976743,0.0,0.5506849315068493,0,0.0,0,0,0,0,1,0,0,0,0,0,0,0,1,0,0,0,0.0
1,1,0,0,0,0,0,1,0,0.7162790697674418,0.0,0.5136986301369862,1,0.0,0,0,0,0,1,0,0,0,0,0,0,0,1,0,0,0,0.0
1,1,0,0,0,0,0,0,1,0.7674418604651163,0.0,0.573972602739726,1,0.0,0,0,0,0,1,0,0,0,0,0,0,0,1,0,0,0,0.0
0,0,1,0,0,0,0,0,0,0.8372093023255814,0.0,0.5835616438356164,0,0.0,0,0,0,0,1,0,0,0,0,0,0,0,1,0,0,0,0.0
0,0,0,1,0,0,0,0,0,0.8395348837209302,0.0013525698827772767,0.6438356164383562,0,0.0,0,0,0,0,1,0,0,0,0,0,0,0,1,0,0,0,0.0
0,0,0,0,1,0,0,0,0,0.7837209302325582,0.0757439134355275,0.806849315068493,0,0.0,0,0,0,0,1,0,0,0,0,0,0,0,1,0,0,0,0.0
0,0,0,0,0,1,0,0,0,0.7558139534883721,0.022091974752028856,0.8999999999999999,0,0.0,0,0,0,0,1,0,0,0,0,0,0,0,1,0,0,0,0.0
0,0,0,0,0,0,1,0,0,0.7604651162790698,0.0,0.5643835616438355,0,0.0,0,0,0,0,1,0,0,0,0,0,0,0,1,0,0,0,0.0
1,1,0,0,0,0,0,1,0,0.786046511627907,0.0,0.4780821917808219,1,0.0,0,0,0,0,1,0,0,0,0,0,0,0,1,0,0,0,0.0
1,1,0,0,0,0,0,0,1,0.8232558139534883,0.0,0.3904109589041096,1,0.0,0,0,0,0,1,0,0,0,0,0,0,0,1,0,0,0,0.0
0,0,1,0,0,0,0,0,0,0.8232558139534883,0.0,0.4246575342465754,0,0.0,0,0,0,0,0,1,0,0,0,0,0,0,0,1,0,0,0.0
0,0,0,1,0,0,0,0,0,0.813953488372093,0.0,0.589041095890411,0,0.0,0,0,0,0,0,1,0,0,0,0,0,0,0,1,0,0,0.0
0,0,0,0,1,0,0,0,0,0.8511627906976744,0.0,0.6027397260273973,0,0.0,0,0,0,0,0,1,0,0,0,0,0,0,0,1,0,0,0.0
0,0,0,0,0,1,0,0,0,0.8325581395348837,0.024346257889990983,0.6438356164383562,0,0.0,0,0,0,0,0,1,0,0,0,0,0,0,0,1,0,0,0.0
0,0,0,0,0,0,1,0,0,0.7604651162790698,0.0,0.4301369863013699,0,0.0,0,0,0,0,0,1,0,0,0,0,0,0,0,1,0,0,0.0
1,1,0,0,0,0,0,1,0,0.786046511627907,0.0,0.3506849315068493,1,0.0,0,0,0,0,0,1,0,0,0,0,0,0,0,1,0,0,0.0
1,1,0,0,0,0,0,0,1,0.8069767441860465,0.0,0.4506849315068493,1,0.0,0,0,0,0,0,1,0,0,0,0,0,0,0,1,0,0,0.0
0,0,1,0,0,0,0,0,0,0.7441860465116279,0.0,0.5808219178082191,0,0.0,0,0,0,0,0,1,0,0,0,0,0,0,0,1,0,0,0.0
0,0,0,1,0,0,0,0,0,0.772093023255814,0.0,0.4876712328767123,0,0.0,0,0,0,0,0,1,0,0,0,0,0,0,0,1,0,0,0.0
0,0,0,0,1,0,0,0,0,0.772093023255814,0.0,0.38219178082191774,0,0.0,0,0,0,0,0,1,0,0,0,0,0,0,0,1,0,0,0.0
0,0,0,0,0,1,0,0,0,0.7581395348837209,0.0,0.5301369863013699,0,0.0,0,0,0,0,0,1,0,0,0,0,0,0,0,1,0,0,0.0
0,0,0,0,0,0,1,0,0,0.7767441860465116,0.0,0.4931506849315068,0,0.0,0,0,0,0,0,1,0,0,0,0,0,0,0,1,0,0,0.0
1,1,0,0,0,0,0,1,0,0.827906976744186,0.0,0.3575342465753425,1,0.0,0,0,0,0,0,1,0,0,0,0,0,0,0,1,0,0,0.0
1,1,0,0,0,0,0,0,1,0.7976744186046512,0.013976555455365193,0.6506849315068494,1,0.0,0,0,0,0,0,1,0,0,0,0,0,0,0,1,0,0,0.0
0,0,1,0,0,0,0,0,0,0.8418604651162791,0.0,0.4506849315068493,0,0.0,0,0,0,0,0,1,0,0,0,0,0,0,0,1,0,0,0.0
0,0,0,1,0,0,0,0,0,0.8883720930232558,0.0,0.3917808219178083,0,0.0,0,0,0,0,0,1,0,0,0,0,0,0,0,1,0,0,0.0
0,0,0,0,1,0,0,0,0,0.8465116279069768,0.08025247971145176,0.6520547945205479,0,0.0,0,0,0,0,0,1,0,0,0,0,0,0,0,1,0,0,0.0
0,0,0,0,0,1,0,0,0,0.8627906976744185,0.0040577096483318306,0.7123287671232876,0,0.0,0,0,0,0,0,1,0,0,0,0,0,0,0,1,0,0,0.0
0,0,0,0,0,0,1,0,0,0.8651162790697674,0.04643823264201984,0.7123287671232876,0,0.0,0,0,0,0,0,1,0,0,0,0,0,0,0,1,0,0,0.0
1,1,0,0,0,0,0,1,0,0.7790697674418605,0.27592425608656446,0.9315068493150684,1,0.0,0,0,0,0,0,1,0,0,0,0,0,0,0,1,0,0,0.0
1,1,0,0,0,0,0,0,1,0.8023255813953488,0.003155996393146979,0.7041095890410958,1,0.0,0,0,0,0,0,1,0,0,0,0,0,0,0,1,0,0,0.0
0,0,1,0,0,0,0,0,0,0.7883720930232558,0.005410279531109107,0.7794520547945205,0,0.0,0,0,0,0,0,1,0,0,0,0,0,0,0,1,0,0,0.0
0,0,0,1,0,0,0,0,0,0.7837209302325582,0.0,0.5958904109589042,0,0.0,0,0,0,0,0,1,0,0,0,0,0,0,0,1,0,0,0.0
0,0,0,0,1,0,0,0,0,0.7813953488372093,0.0,0.5287671232876712,0,0.0,0,0,0,0,0,1,0,0,0,0,0,0,0,1,0,0,0.0
0,0,0,0,0,1,0,0,0,0.7976744186046512,0.0013525698827772767,0.6191780821917807,0,0.0,0,0,0,0,0,1,0,0,0,0,0,0,0,1,0,0,0.0
0,0,0,0,0,0,1,0,0,0.8186046511627907,0.0,0.5493150684931507,0,0.0,0,0,0,0,0,1,0,0,0,0,0,0,0,1,0,0,0.0
1,1,0,0,0,0,0,1,0,0.8558139534883721,0.0,0.5164383561643836,1,0.0,0,0,0,0,0,1,0,0,0,0,0,0,0,1,0,0,0.0
1,1,0,0,0,0,0,0,1,0.8651162790697674,0.0013525698827772767,0.5506849315068493,1,0.0,0,0,0,0,0,1,0,0,0,0,0,0,0,1,0,0,0.0
0,0,1,0,0,0,0,0,0,0.8813953488372093,0.0,0.6082191780821917,0,0.0,0,0,0,0,0,1,0,0,0,0,0,0,0,1,0,0,0.0
0,0,0,1,0,0,0,0,0,0.8697674418604651,0.03832281334535618,0.6013698630136985,0,0.0,0,0,0,0,0,1,0,0,0,0,0,0,0,1,0,0,0.0
